row_type,asset,tenor,moneyness_label,xOtm,source_batch_name,comparison_scope,windowCycles,rollingWindowCount,averageWindowReturnPct,stdevWindowReturnPct,positiveWindowPct,negativeWindowPct,averageRollingVolatilityPct,stdevRollingVolatilityPct,p90RollingVolatilityPct,maxRollingVolatilityPct,volatilitySpikeThresholdPct,volatilitySpikeCount,volatilitySpikeBearPct,longestElevatedVolatilityRun,averageRollingDrawdownPct,stdevRollingDrawdownPct,worstRollingDrawdownPct,severeDrawdownWindowPct,longestDrawdownRun,longestSevereDrawdownRun,averageRegimeReturnSpreadPct,bestRegime,worstRegime,notes
configuration,BTC,14d,atm00,0,batch_years_btc_14d_atm00_2020_2026,full_period,26,135,42.721165,35.710177,89.62963,10.37037,5.934006,1.853863,8.330436,9.045727,8.330436,14,64.285714,23,-23.402378,10.835484,-40.75701,52.592593,135,54,56.493103,bull_2020_2021,bear_2022,
configuration,BTC,14d,otm03,0.03,batch_years_btc_14d_otm03_2020_2026,full_period,26,135,47.131412,42.516736,81.481481,18.518519,6.846144,1.780335,9.031825,9.472263,9.031825,14,64.285714,23,-25.657772,11.154887,-41.973546,52.592593,135,54,81.623584,bull_2020_2021,bear_2022,
configuration,BTC,14d,otm05,0.05,batch_years_btc_14d_otm05_2020_2026,full_period,26,133,50.582199,56.80287,78.195489,21.804511,7.504841,1.794083,9.558368,10.690907,9.558368,14,57.142857,13,-27.069722,11.631799,-44.798068,79.699248,133,54,128.840605,bull_2020_2021,bear_2022,
configuration,BTC,14d,otm07,0.07,batch_years_btc_14d_otm07_2020_2026,full_period,26,133,59.73957,64.704041,77.443609,22.556391,7.912497,1.750823,9.894596,11.209802,9.894596,14,21.428571,19,-27.75936,11.510848,-45.935641,79.699248,133,54,145.087191,bull_2020_2021,bear_2022,
configuration,BTC,14d,otm10,0.1,batch_years_btc_14d_otm10_2020_2026,full_period,26,133,65.640597,64.89983,84.210526,15.789474,8.333386,1.512537,10.555182,11.899277,10.555182,14,14.285714,26,-26.626747,9.100739,-45.877646,81.203008,133,56,141.470807,bull_2020_2021,bear_2022,
configuration,BTC,monthly,atm00,0,batch_years_btc_monthly_atm00_2020_2026,full_period,12,65,33.463724,41.062599,83.076923,16.923077,7.803012,2.58853,11.16873,11.819001,11.16873,7,100,17,-19.704811,12.406605,-44.977929,43.076923,60,25,105.951276,bull_2020_2021,bear_2022,
configuration,BTC,monthly,otm03,0.03,batch_years_btc_monthly_otm03_2020_2026,full_period,12,65,39.505821,48.352562,80,20,9.035465,2.625841,12.428932,13.178074,12.428932,7,85.714286,11,-21.731453,12.531691,-47.568723,43.076923,65,25,122.688926,bull_2020_2021,bear_2022,
configuration,BTC,monthly,otm05,0.05,batch_years_btc_monthly_otm05_2020_2026,full_period,12,65,44.102836,54.925718,76.923077,23.076923,9.594562,2.441358,12.603425,13.63195,12.603425,7,85.714286,17,-22.811651,13.146256,-51.161632,61.538462,65,25,139.387005,bull_2020_2021,bear_2022,
configuration,BTC,monthly,otm07,0.07,batch_years_btc_monthly_otm07_2020_2026,full_period,12,65,45.912629,55.149206,76.923077,23.076923,10.279517,2.608532,13.661171,14.644947,13.661171,7,100,17,-23.971157,13.653729,-52.438931,61.538462,65,25,135.589283,bull_2020_2021,bear_2022,
configuration,BTC,monthly,otm10,0.1,batch_years_btc_monthly_otm10_2020_2026,full_period,12,65,55.787758,71.217211,73.846154,26.153846,11.310347,2.559484,14.576136,15.900319,14.576136,7,85.714286,6,-25.548837,14.279694,-56.811391,69.230769,65,27,179.077893,bull_2020_2021,bear_2022,
configuration,BTC,weekly,itm05,-0.05,batch_years_itm05_2020_2026,full_period,52,274,39.366214,38.311606,85.766423,14.233577,3.229283,1.428494,4.908694,6.304274,4.908694,28,50,34,-17.677557,9.111121,-39.836452,45.255474,274,52,78.772018,bull_2020_2021,recovery_transition_2023,
configuration,BTC,weekly,atm00,0,batch_years_atm00_2020_2026,full_period,52,274,48.940945,44.585033,86.861314,13.138686,4.461891,1.314638,5.955929,7.105105,5.955929,28,39.285714,27,-23.937219,10.046966,-41.168513,51.459854,274,107,95.775338,bull_2020_2021,recovery_transition_2023,
configuration,BTC,weekly,otm03,0.03,batch_years_otm03_2020_2026,full_period,52,274,61.412425,61.908143,82.846715,17.153285,5.357459,1.249761,6.849393,7.772297,6.849393,28,25,40,-27.156016,10.71115,-43.065651,52.919708,274,111,139.472062,bull_2020_2021,recovery_transition_2023,
configuration,BTC,weekly,otm05,0.05,batch_years_otm05_2020_2026,full_period,52,274,65.76872,77.657614,78.10219,21.89781,5.848833,1.239098,7.273121,8.548175,7.273121,28,39.285714,39,-29.499461,12.161681,-51.150992,78.832117,274,111,177.116082,bull_2020_2021,recovery_transition_2023,
configuration,BTC,weekly,otm07,0.07,batch_years_otm07_2020_2026,full_period,52,274,60.31125,72.985685,75.547445,24.452555,6.210318,1.179023,7.686914,8.750602,7.686914,28,25,40,-30.543603,11.967187,-52.141662,82.116788,274,120,158.198233,bull_2020_2021,recovery_transition_2023,
configuration,BTC,weekly,otm10,0.1,batch_years_otm10_2020_2026,full_period,52,274,75.327805,96.947722,74.817518,25.182482,6.827239,1.201006,8.516027,9.502023,8.516027,28,7.142857,42,-32.652734,13.189882,-58.394092,82.116788,274,120,228.42898,bull_2020_2021,bear_2022,
tenor,BTC,14d,ALL,,,full_period,26,669,53.162989,52.926731,82.192147,17.807853,7.306175,1.738328,9.474081,10.463595,9.474081,70,44.285714,26,-26.103196,10.846751,-45.935641,69.157338,135,56,110.703058,,,Average of 5 full-period 14d configurations using the primary tenor window.
tenor,BTC,monthly,ALL,,,full_period,12,325,43.754554,54.141459,78.153846,21.846154,9.604581,2.564749,12.887679,13.834858,12.887679,35,91.428572,17,-22.753582,13.203595,-56.811391,55.692308,65,27,136.538877,,,Average of 5 full-period monthly configurations using the primary tenor window.
tenor,BTC,weekly,ALL,,,full_period,52,1644,58.521227,65.3993,80.656934,19.343066,5.322504,1.26867,6.865013,7.997079,6.865013,168,30.952381,42,-26.911098,11.197998,-58.394092,65.450121,274,120,146.293785,,,Average of 6 full-period weekly configurations using the primary tenor window.
