strategy,row_type,threshold,event_count,maxDrawdownPct,averageDurationCycles,averageRecoveryDurationCycles,startDate,troughDate,recoveryDate,recovered
Weekly OTM03,threshold_summary,>10%,9,-43.065651,24.777778,17,,,,
Weekly OTM03,threshold_summary,>20%,4,-43.065651,42.25,32.333333,,,,
Weekly OTM03,threshold_summary,>30%,4,-43.065651,42.25,32.333333,,,,
Weekly OTM03,threshold_summary,>40%,3,-43.065651,50.333333,42.5,,,,
Weekly OTM03,event,,,-4.007974,2,1,2020-01-24T08:00:00.000Z,2020-01-24T08:00:00.000Z,2020-01-31T08:00:00.000Z,true
Weekly OTM03,event,,,-41.168513,16,12,2020-02-21T08:00:00.000Z,2020-03-13T08:00:00.000Z,2020-06-05T08:00:00.000Z,true
Weekly OTM03,event,,,-2.792174,5,2,2020-06-12T08:00:00.000Z,2020-06-26T08:00:00.000Z,2020-07-10T08:00:00.000Z,true
Weekly OTM03,event,,,-10.77551,8,6,2020-08-28T08:00:00.000Z,2020-09-04T08:00:00.000Z,2020-10-16T08:00:00.000Z,true
Weekly OTM03,event,,,-4.294511,2,1,2020-11-27T08:00:00.000Z,2020-11-27T08:00:00.000Z,2020-12-04T08:00:00.000Z,true
Weekly OTM03,event,,,-5.426825,3,2,2020-12-11T08:00:00.000Z,2020-12-11T08:00:00.000Z,2020-12-25T08:00:00.000Z,true
Weekly OTM03,event,,,-13.183117,3,2,2021-01-22T08:00:00.000Z,2021-01-22T08:00:00.000Z,2021-02-05T08:00:00.000Z,true
Weekly OTM03,event,,,-9.30562,3,2,2021-02-26T08:00:00.000Z,2021-02-26T08:00:00.000Z,2021-03-12T08:00:00.000Z,true
Weekly OTM03,event,,,-4.135223,2,1,2021-03-26T08:00:00.000Z,2021-03-26T08:00:00.000Z,2021-04-02T08:00:00.000Z,true
Weekly OTM03,event,,,-33.435228,18,12,2021-04-23T08:00:00.000Z,2021-05-28T08:00:00.000Z,2021-08-20T08:00:00.000Z,true
Weekly OTM03,event,,,-3.453969,2,1,2021-09-10T08:00:00.000Z,2021-09-10T08:00:00.000Z,2021-09-17T08:00:00.000Z,true
Weekly OTM03,event,,,-3.675849,3,2,2021-09-24T08:00:00.000Z,2021-09-24T08:00:00.000Z,2021-10-08T08:00:00.000Z,true
Weekly OTM03,event,,,-1.194851,2,1,2021-10-29T08:00:00.000Z,2021-10-29T08:00:00.000Z,2021-11-05T08:00:00.000Z,true
Weekly OTM03,event,,,-43.065651,103,73,2021-11-19T08:00:00.000Z,2022-06-17T08:00:00.000Z,2023-11-17T08:00:00.000Z,true
Weekly OTM03,event,,,-1.316394,2,1,2023-12-29T08:00:00.000Z,2023-12-29T08:00:00.000Z,2024-01-12T08:00:00.000Z,true
Weekly OTM03,event,,,-10.004676,5,3,2024-01-19T08:00:00.000Z,2024-01-26T08:00:00.000Z,2024-02-16T08:00:00.000Z,true
Weekly OTM03,event,,,-0.005948,2,1,2024-03-22T08:00:00.000Z,2024-03-22T08:00:00.000Z,2024-03-29T08:00:00.000Z,true
Weekly OTM03,event,,,-1.491771,2,1,2024-04-05T08:00:00.000Z,2024-04-05T08:00:00.000Z,2024-04-12T08:00:00.000Z,true
Weekly OTM03,event,,,-8.843404,6,3,2024-04-19T08:00:00.000Z,2024-05-03T08:00:00.000Z,2024-05-24T08:00:00.000Z,true
Weekly OTM03,event,,,-19.419089,22,18,2024-06-14T08:00:00.000Z,2024-07-05T08:00:00.000Z,2024-11-08T08:00:00.000Z,true
Weekly OTM03,event,,,-1.176667,2,1,2024-11-29T08:00:00.000Z,2024-11-29T08:00:00.000Z,2024-12-06T08:00:00.000Z,true
Weekly OTM03,event,,,-1.497624,4,1,2024-12-20T08:00:00.000Z,2025-01-10T08:00:00.000Z,2025-01-17T08:00:00.000Z,true
Weekly OTM03,event,,,-19.846164,16,10,2025-02-07T08:00:00.000Z,2025-03-14T08:00:00.000Z,2025-05-23T08:00:00.000Z,true
Weekly OTM03,event,,,-4.450682,5,3,2025-05-30T08:00:00.000Z,2025-06-06T08:00:00.000Z,2025-06-27T08:00:00.000Z,true
Weekly OTM03,event,,,-2.553799,3,2,2025-07-25T08:00:00.000Z,2025-07-25T08:00:00.000Z,2025-08-08T08:00:00.000Z,true
Weekly OTM03,event,,,-6.192752,5,3,2025-08-22T08:00:00.000Z,2025-08-29T08:00:00.000Z,2025-09-19T08:00:00.000Z,true
Weekly OTM03,event,,,-41.626752,32,,2025-09-26T08:00:00.000Z,2026-02-06T08:00:00.000Z,,false
Weekly OTM05,threshold_summary,>10%,9,-51.150992,26,18.5,,,,
Weekly OTM05,threshold_summary,>20%,6,-51.150992,36,27.2,,,,
Weekly OTM05,threshold_summary,>30%,4,-51.150992,44.75,35.666667,,,,
Weekly OTM05,threshold_summary,>40%,3,-51.150992,53,46.5,,,,
Weekly OTM05,event,,,-4.007974,2,1,2020-01-24T08:00:00.000Z,2020-01-24T08:00:00.000Z,2020-01-31T08:00:00.000Z,true
Weekly OTM05,event,,,-45.726071,12,8,2020-02-21T08:00:00.000Z,2020-03-13T08:00:00.000Z,2020-05-08T08:00:00.000Z,true
Weekly OTM05,event,,,-3.262595,2,1,2020-05-22T08:00:00.000Z,2020-05-22T08:00:00.000Z,2020-05-29T08:00:00.000Z,true
Weekly OTM05,event,,,-2.832899,7,3,2020-06-12T08:00:00.000Z,2020-07-03T08:00:00.000Z,2020-07-24T08:00:00.000Z,true
Weekly OTM05,event,,,-10.77551,9,7,2020-08-28T08:00:00.000Z,2020-09-04T08:00:00.000Z,2020-10-23T08:00:00.000Z,true
Weekly OTM05,event,,,-4.294511,2,1,2020-11-27T08:00:00.000Z,2020-11-27T08:00:00.000Z,2020-12-04T08:00:00.000Z,true
Weekly OTM05,event,,,-5.426825,2,1,2020-12-11T08:00:00.000Z,2020-12-11T08:00:00.000Z,2020-12-18T08:00:00.000Z,true
Weekly OTM05,event,,,-13.183117,3,2,2021-01-22T08:00:00.000Z,2021-01-22T08:00:00.000Z,2021-02-05T08:00:00.000Z,true
Weekly OTM05,event,,,-9.30562,3,2,2021-02-26T08:00:00.000Z,2021-02-26T08:00:00.000Z,2021-03-12T08:00:00.000Z,true
Weekly OTM05,event,,,-4.135223,2,1,2021-03-26T08:00:00.000Z,2021-03-26T08:00:00.000Z,2021-04-02T08:00:00.000Z,true
Weekly OTM05,event,,,-0.008464,2,1,2021-04-09T08:00:00.000Z,2021-04-09T08:00:00.000Z,2021-04-16T08:00:00.000Z,true
Weekly OTM05,event,,,-34.675435,20,14,2021-04-23T08:00:00.000Z,2021-05-28T08:00:00.000Z,2021-09-03T08:00:00.000Z,true
Weekly OTM05,event,,,-3.903969,2,1,2021-09-10T08:00:00.000Z,2021-09-10T08:00:00.000Z,2021-09-17T08:00:00.000Z,true
Weekly OTM05,event,,,-4.325849,3,2,2021-09-24T08:00:00.000Z,2021-09-24T08:00:00.000Z,2021-10-08T08:00:00.000Z,true
Weekly OTM05,event,,,-1.794851,2,1,2021-10-29T08:00:00.000Z,2021-10-29T08:00:00.000Z,2021-11-05T08:00:00.000Z,true
Weekly OTM05,event,,,-51.150992,115,85,2021-11-19T08:00:00.000Z,2022-06-17T08:00:00.000Z,2024-02-16T08:00:00.000Z,true
Weekly OTM05,event,,,-0.434405,2,1,2024-02-23T08:00:00.000Z,2024-02-23T08:00:00.000Z,2024-03-01T08:00:00.000Z,true
Weekly OTM05,event,,,-0.955948,2,1,2024-03-22T08:00:00.000Z,2024-03-22T08:00:00.000Z,2024-03-29T08:00:00.000Z,true
Weekly OTM05,event,,,-1.968812,2,1,2024-04-05T08:00:00.000Z,2024-04-05T08:00:00.000Z,2024-04-12T08:00:00.000Z,true
Weekly OTM05,event,,,-11.172557,6,3,2024-04-19T08:00:00.000Z,2024-05-03T08:00:00.000Z,2024-05-24T08:00:00.000Z,true
Weekly OTM05,event,,,-20.948023,21,17,2024-06-14T08:00:00.000Z,2024-07-05T08:00:00.000Z,2024-11-01T08:00:00.000Z,true
Weekly OTM05,event,,,-1.826667,2,1,2024-11-29T08:00:00.000Z,2024-11-29T08:00:00.000Z,2024-12-06T08:00:00.000Z,true
Weekly OTM05,event,,,-3.32396,4,1,2024-12-20T08:00:00.000Z,2025-01-10T08:00:00.000Z,2025-01-17T08:00:00.000Z,true
Weekly OTM05,event,,,-20.712895,16,12,2025-02-07T08:00:00.000Z,2025-02-28T08:00:00.000Z,2025-05-23T08:00:00.000Z,true
Weekly OTM05,event,,,-5.291279,6,4,2025-05-30T08:00:00.000Z,2025-06-06T08:00:00.000Z,2025-07-04T08:00:00.000Z,true
Weekly OTM05,event,,,-2.903799,4,3,2025-07-25T08:00:00.000Z,2025-07-25T08:00:00.000Z,2025-08-15T08:00:00.000Z,true
Weekly OTM05,event,,,-6.885286,5,3,2025-08-22T08:00:00.000Z,2025-08-29T08:00:00.000Z,2025-09-19T08:00:00.000Z,true
Weekly OTM05,event,,,-42.093661,32,,2025-09-26T08:00:00.000Z,2026-02-06T08:00:00.000Z,,false
Weekly OTM10,threshold_summary,>10%,10,-58.703496,24.1,14.777778,,,,
Weekly OTM10,threshold_summary,>20%,6,-58.703496,36.5,23.6,,,,
Weekly OTM10,threshold_summary,>30%,4,-58.703496,45.75,30.333333,,,,
Weekly OTM10,threshold_summary,>40%,3,-58.703496,52.666667,36,,,,
Weekly OTM10,event,,,-6.307974,2,1,2020-01-24T08:00:00.000Z,2020-01-24T08:00:00.000Z,2020-01-31T08:00:00.000Z,true
Weekly OTM10,event,,,-46.933694,12,8,2020-02-21T08:00:00.000Z,2020-03-13T08:00:00.000Z,2020-05-08T08:00:00.000Z,true
Weekly OTM10,event,,,-5.361441,3,1,2020-05-15T08:00:00.000Z,2020-05-22T08:00:00.000Z,2020-05-29T08:00:00.000Z,true
Weekly OTM10,event,,,-4.602868,7,3,2020-06-12T08:00:00.000Z,2020-07-03T08:00:00.000Z,2020-07-24T08:00:00.000Z,true
Weekly OTM10,event,,,-12.684151,9,7,2020-08-28T08:00:00.000Z,2020-09-04T08:00:00.000Z,2020-10-23T08:00:00.000Z,true
Weekly OTM10,event,,,-5.444511,2,1,2020-11-27T08:00:00.000Z,2020-11-27T08:00:00.000Z,2020-12-04T08:00:00.000Z,true
Weekly OTM10,event,,,-6.476825,2,1,2020-12-11T08:00:00.000Z,2020-12-11T08:00:00.000Z,2020-12-18T08:00:00.000Z,true
Weekly OTM10,event,,,-14.283117,3,2,2021-01-22T08:00:00.000Z,2021-01-22T08:00:00.000Z,2021-02-05T08:00:00.000Z,true
Weekly OTM10,event,,,-10.60562,3,2,2021-02-26T08:00:00.000Z,2021-02-26T08:00:00.000Z,2021-03-12T08:00:00.000Z,true
Weekly OTM10,event,,,-5.885223,2,1,2021-03-26T08:00:00.000Z,2021-03-26T08:00:00.000Z,2021-04-02T08:00:00.000Z,true
Weekly OTM10,event,,,-1.238665,2,1,2021-04-09T08:00:00.000Z,2021-04-09T08:00:00.000Z,2021-04-16T08:00:00.000Z,true
Weekly OTM10,event,,,-36.970844,25,19,2021-04-23T08:00:00.000Z,2021-05-28T08:00:00.000Z,2021-10-08T08:00:00.000Z,true
Weekly OTM10,event,,,-3.194851,2,1,2021-10-29T08:00:00.000Z,2021-10-29T08:00:00.000Z,2021-11-05T08:00:00.000Z,true
Weekly OTM10,event,,,-58.703496,117,64,2021-11-19T08:00:00.000Z,2022-11-25T08:00:00.000Z,2024-03-01T08:00:00.000Z,true
Weekly OTM10,event,,,-2.105948,2,1,2024-03-22T08:00:00.000Z,2024-03-22T08:00:00.000Z,2024-03-29T08:00:00.000Z,true
Weekly OTM10,event,,,-3.246785,2,1,2024-04-05T08:00:00.000Z,2024-04-05T08:00:00.000Z,2024-04-12T08:00:00.000Z,true
Weekly OTM10,event,,,-14.00345,7,4,2024-04-19T08:00:00.000Z,2024-05-03T08:00:00.000Z,2024-05-31T08:00:00.000Z,true
Weekly OTM10,event,,,-22.814133,21,17,2024-06-14T08:00:00.000Z,2024-07-05T08:00:00.000Z,2024-11-01T08:00:00.000Z,true
Weekly OTM10,event,,,-2.876667,2,1,2024-11-29T08:00:00.000Z,2024-11-29T08:00:00.000Z,2024-12-06T08:00:00.000Z,true
Weekly OTM10,event,,,-5.668064,4,1,2024-12-20T08:00:00.000Z,2025-01-10T08:00:00.000Z,2025-01-17T08:00:00.000Z,true
Weekly OTM10,event,,,-23.144705,15,10,2025-01-31T08:00:00.000Z,2025-02-28T08:00:00.000Z,2025-05-09T08:00:00.000Z,true
Weekly OTM10,event,,,-6.315183,7,5,2025-05-30T08:00:00.000Z,2025-06-06T08:00:00.000Z,2025-07-11T08:00:00.000Z,true
Weekly OTM10,event,,,-7.726579,11,1,2025-07-25T08:00:00.000Z,2025-09-26T08:00:00.000Z,2025-10-03T08:00:00.000Z,true
Weekly OTM10,event,,,-44.767384,29,,2025-10-17T08:00:00.000Z,2026-02-06T08:00:00.000Z,,false
BTC Buy & Hold,threshold_summary,>10%,10,-71.178211,26.1,16,,,,
BTC Buy & Hold,threshold_summary,>20%,7,-71.178211,34.428571,21.833333,,,,
BTC Buy & Hold,threshold_summary,>30%,4,-71.178211,49.25,32.666667,,,,
BTC Buy & Hold,threshold_summary,>40%,4,-71.178211,49.25,32.666667,,,,
BTC Buy & Hold,event,,,-6.857974,2,1,2020-01-24T08:00:00.000Z,2020-01-24T08:00:00.000Z,2020-01-31T08:00:00.000Z,true
BTC Buy & Hold,event,,,-48.189621,24,20,2020-02-21T08:00:00.000Z,2020-03-13T08:00:00.000Z,2020-07-31T08:00:00.000Z,true
BTC Buy & Hold,event,,,-0.59322,2,1,2020-08-14T08:00:00.000Z,2020-08-14T08:00:00.000Z,2020-08-21T08:00:00.000Z,true
BTC Buy & Hold,event,,,-13.40959,9,6,2020-08-28T08:00:00.000Z,2020-09-11T08:00:00.000Z,2020-10-23T08:00:00.000Z,true
BTC Buy & Hold,event,,,-6.294511,2,1,2020-11-27T08:00:00.000Z,2020-11-27T08:00:00.000Z,2020-12-04T08:00:00.000Z,true
BTC Buy & Hold,event,,,-7.976825,2,1,2020-12-11T08:00:00.000Z,2020-12-11T08:00:00.000Z,2020-12-18T08:00:00.000Z,true
BTC Buy & Hold,event,,,-21.033788,5,3,2021-01-15T08:00:00.000Z,2021-01-22T08:00:00.000Z,2021-02-12T08:00:00.000Z,true
BTC Buy & Hold,event,,,-13.05562,3,2,2021-02-26T08:00:00.000Z,2021-02-26T08:00:00.000Z,2021-03-12T08:00:00.000Z,true
BTC Buy & Hold,event,,,-7.335223,2,1,2021-03-26T08:00:00.000Z,2021-03-26T08:00:00.000Z,2021-04-02T08:00:00.000Z,true
BTC Buy & Hold,event,,,-2.313994,2,1,2021-04-09T08:00:00.000Z,2021-04-09T08:00:00.000Z,2021-04-16T08:00:00.000Z,true
BTC Buy & Hold,event,,,-48.267166,27,14,2021-04-23T08:00:00.000Z,2021-07-16T08:00:00.000Z,2021-10-22T08:00:00.000Z,true
BTC Buy & Hold,event,,,-4.394851,3,2,2021-10-29T08:00:00.000Z,2021-10-29T08:00:00.000Z,2021-11-12T08:00:00.000Z,true
BTC Buy & Hold,event,,,-71.178211,117,64,2021-11-19T08:00:00.000Z,2022-11-25T08:00:00.000Z,2024-03-01T08:00:00.000Z,true
BTC Buy & Hold,event,,,-3.205948,2,1,2024-03-22T08:00:00.000Z,2024-03-22T08:00:00.000Z,2024-03-29T08:00:00.000Z,true
BTC Buy & Hold,event,,,-4.140337,2,1,2024-04-05T08:00:00.000Z,2024-04-05T08:00:00.000Z,2024-04-12T08:00:00.000Z,true
BTC Buy & Hold,event,,,-16.437195,8,5,2024-04-19T08:00:00.000Z,2024-05-03T08:00:00.000Z,2024-06-07T08:00:00.000Z,true
BTC Buy & Hold,event,,,-23.548857,22,18,2024-06-14T08:00:00.000Z,2024-07-05T08:00:00.000Z,2024-11-08T08:00:00.000Z,true
BTC Buy & Hold,event,,,-3.776667,3,2,2024-11-29T08:00:00.000Z,2024-11-29T08:00:00.000Z,2024-12-13T08:00:00.000Z,true
BTC Buy & Hold,event,,,-6.793873,4,1,2024-12-20T08:00:00.000Z,2025-01-10T08:00:00.000Z,2025-01-17T08:00:00.000Z,true
BTC Buy & Hold,event,,,-24.688279,17,12,2025-01-31T08:00:00.000Z,2025-02-28T08:00:00.000Z,2025-05-23T08:00:00.000Z,true
BTC Buy & Hold,event,,,-6.822461,7,5,2025-05-30T08:00:00.000Z,2025-06-06T08:00:00.000Z,2025-07-11T08:00:00.000Z,true
BTC Buy & Hold,event,,,-8.509036,11,1,2025-07-25T08:00:00.000Z,2025-09-26T08:00:00.000Z,2025-10-03T08:00:00.000Z,true
BTC Buy & Hold,event,,,-46.691434,29,,2025-10-17T08:00:00.000Z,2026-02-06T08:00:00.000Z,,false
14d OTM10,threshold_summary,>10%,8,-45.877646,14,7.857143,,,,
14d OTM10,threshold_summary,>20%,6,-45.877646,15.5,8,,,,
14d OTM10,threshold_summary,>30%,4,-45.877646,18.75,8.666667,,,,
14d OTM10,threshold_summary,>40%,2,-45.877646,13.5,11,,,,
14d OTM10,event,,,-45.877646,13,11,2020-02-28T08:00:00.000Z,2020-03-13T08:00:00.000Z,2020-08-14T08:00:00.000Z,true
14d OTM10,event,,,-11.025958,5,3,2020-08-28T08:00:00.000Z,2020-09-11T08:00:00.000Z,2020-10-23T08:00:00.000Z,true
14d OTM10,event,,,-7.03961,2,1,2021-01-29T08:00:00.000Z,2021-01-29T08:00:00.000Z,2021-02-12T08:00:00.000Z,true
14d OTM10,event,,,-1.124051,2,1,2021-03-26T08:00:00.000Z,2021-03-26T08:00:00.000Z,2021-04-09T08:00:00.000Z,true
14d OTM10,event,,,-30.825904,13,6,2021-04-23T08:00:00.000Z,2021-07-16T08:00:00.000Z,2021-10-08T08:00:00.000Z,true
14d OTM10,event,,,-37.545469,35,9,2021-11-05T08:00:00.000Z,2022-11-25T08:00:00.000Z,2023-04-14T08:00:00.000Z,true
14d OTM10,event,,,-12.304097,14,12,2023-04-28T08:00:00.000Z,2023-05-12T08:00:00.000Z,2023-10-27T08:00:00.000Z,true
14d OTM10,event,,,-3.506694,2,1,2024-01-19T08:00:00.000Z,2024-01-19T08:00:00.000Z,2024-02-02T08:00:00.000Z,true
14d OTM10,event,,,-8.303486,4,2,2024-04-26T08:00:00.000Z,2024-05-10T08:00:00.000Z,2024-06-07T08:00:00.000Z,true
14d OTM10,event,,,-22.425527,11,9,2024-06-21T08:00:00.000Z,2024-07-05T08:00:00.000Z,2024-11-08T08:00:00.000Z,true
14d OTM10,event,,,-22.070104,7,5,2025-02-14T08:00:00.000Z,2025-02-28T08:00:00.000Z,2025-05-09T08:00:00.000Z,true
14d OTM10,event,,,-6.435131,4,3,2025-06-06T08:00:00.000Z,2025-06-06T08:00:00.000Z,2025-07-18T08:00:00.000Z,true
14d OTM10,event,,,-3.495816,2,1,2025-08-01T08:00:00.000Z,2025-08-01T08:00:00.000Z,2025-08-15T08:00:00.000Z,true
14d OTM10,event,,,-7.295075,4,3,2025-08-29T08:00:00.000Z,2025-08-29T08:00:00.000Z,2025-10-10T08:00:00.000Z,true
14d OTM10,event,,,-42.123225,14,,2025-10-24T08:00:00.000Z,2026-02-13T08:00:00.000Z,,false
