"strategy","role","scenario","scenario_description","cycles","revisedReturnPct","btcReturnPct","revisedExcessReturnPct","revisedSharpe","revisedDrawdownPct","totalAssignedCycles","syntheticCycles"
"Weekly OTM03","baseline_candidate","idealized","No option fees, delivery fees, or slippage.","330","1290,846577","1060,554204","230,292374","1,080559","-58,526438","128","92"
"Weekly OTM03","baseline_candidate","realistic","Deribit-style option opening fee, delivery fee on assigned calls, and 5% short-premium execution haircut.","330","667,240167","1060,554204","-393,314036","0,904085","-60,496555","128","92"
"Weekly OTM03","baseline_candidate","stress","2x fee rates, 10% short-premium execution haircut, and additional 2.5 bp underlying slippage on assigned calls.","330","308,63323","1060,554204","-751,920973","0,716525","-65,11497","128","92"
"Weekly OTM05","reference","idealized","No option fees, delivery fees, or slippage.","330","1200,535835","1060,554204","139,981632","1,032497","-61,440019","101","92"
"Weekly OTM05","reference","realistic","Deribit-style option opening fee, delivery fee on assigned calls, and 5% short-premium execution haircut.","330","697,258403","1060,554204","-363,2958","0,895642","-62,876889","101","92"
"Weekly OTM05","reference","stress","2x fee rates, 10% short-premium execution haircut, and additional 2.5 bp underlying slippage on assigned calls.","330","375,353486","1060,554204","-685,200718","0,750578","-64,29961","101","92"
"ETH Buy & Hold","benchmark","idealized","No option fees, delivery fees, or slippage.","330","1060,554204","1060,554204","0","0,886039","-73,705059","0","0"
"ETH Buy & Hold","benchmark","realistic","Deribit-style option opening fee, delivery fee on assigned calls, and 5% short-premium execution haircut.","330","1060,554204","1060,554204","0","0,886039","-73,705059","0","0"
"ETH Buy & Hold","benchmark","stress","2x fee rates, 10% short-premium execution haircut, and additional 2.5 bp underlying slippage on assigned calls.","330","1060,554204","1060,554204","0","0,886039","-73,705059","0","0"
