year,frictionModel,scenario,haircutPct,relativeMoneyness,appliedHaircutPct,originalReturnPct,adjustedReturnPct,deltaReturnPct,originalTotalPnL,adjustedTotalPnL,totalPremiumHaircutUsd,adjustedFinalCapital,adjustedCallPnL,tradeCount,runName,originalCallPnL
2020,uniform,optimistic,0.05,0.1029,0.05,190.1,186.85,-3.25,13635.02,13401.81,233.2,20574.23,-3586.44,51,btc_2020-01-03_2020-12-31T08-00-00Z_otm10_step1000_longbtc_dyn_entry08h00_delay60m_deribitbtcusddeliveryprice_001,-3353.23
2020,uniform,realistic,0.1,0.1029,0.1,190.1,183.6,-6.5,13635.02,13168.61,466.41,20341.03,-3819.64,51,btc_2020-01-03_2020-12-31T08-00-00Z_otm10_step1000_longbtc_dyn_entry08h00_delay60m_deribitbtcusddeliveryprice_001,-3353.23
2020,uniform,conservative,0.2,0.1029,0.2,190.1,177.1,-13.01,13635.02,12702.2,932.81,19874.62,-4286.05,51,btc_2020-01-03_2020-12-31T08-00-00Z_otm10_step1000_longbtc_dyn_entry08h00_delay60m_deribitbtcusddeliveryprice_001,-3353.23
2021,uniform,optimistic,0.05,0.0992,0.05,89.81,83.13,-6.69,25797,23876.6,1920.4,52599.42,4386.87,52,btc_2021-01-01_2021-12-31T08-00-00Z_otm10_step1000_longbtc_dyn_entry08h00_delay60m_deribitbtcusddeliveryprice_001,6307.27
2021,uniform,realistic,0.1,0.0992,0.1,89.81,76.44,-13.37,25797,21956.2,3840.8,50679.02,2466.47,52,btc_2021-01-01_2021-12-31T08-00-00Z_otm10_step1000_longbtc_dyn_entry08h00_delay60m_deribitbtcusddeliveryprice_001,6307.27
2021,uniform,conservative,0.2,0.0992,0.2,89.81,63.07,-26.74,25797,18115.4,7681.6,46838.22,-1374.32,52,btc_2021-01-01_2021-12-31T08-00-00Z_otm10_step1000_longbtc_dyn_entry08h00_delay60m_deribitbtcusddeliveryprice_001,6307.27
2022,uniform,optimistic,0.05,0.1029,0.05,-46.56,-47.79,-1.23,-19272.62,-19781.57,508.95,21613.62,8135.19,51,btc_2022-01-07_2022-12-31T08-00-00Z_otm10_step1000_longbtc_dyn_entry08h00_delay60m_deribitbtcusddeliveryprice_001,8644.13
2022,uniform,realistic,0.1,0.1029,0.1,-46.56,-49.02,-2.46,-19272.62,-20290.52,1017.9,21104.67,7626.24,51,btc_2022-01-07_2022-12-31T08-00-00Z_otm10_step1000_longbtc_dyn_entry08h00_delay60m_deribitbtcusddeliveryprice_001,8644.13
2022,uniform,conservative,0.2,0.1029,0.2,-46.56,-51.48,-4.92,-19272.62,-21308.42,2035.79,20086.77,6608.34,51,btc_2022-01-07_2022-12-31T08-00-00Z_otm10_step1000_longbtc_dyn_entry08h00_delay60m_deribitbtcusddeliveryprice_001,8644.13
2023,uniform,optimistic,0.05,0.1003,0.05,103.64,102.43,-1.21,17368.08,17165.18,202.9,33923,-5502.93,51,btc_2023-01-06_2023-12-31T08-00-00Z_otm10_step1000_longbtc_dyn_entry08h00_delay60m_deribitbtcusddeliveryprice_001,-5300.03
2023,uniform,realistic,0.1,0.1003,0.1,103.64,101.22,-2.42,17368.08,16962.28,405.79,33720.11,-5705.82,51,btc_2023-01-06_2023-12-31T08-00-00Z_otm10_step1000_longbtc_dyn_entry08h00_delay60m_deribitbtcusddeliveryprice_001,-5300.03
2023,uniform,conservative,0.2,0.1003,0.2,103.64,98.8,-4.84,17368.08,16556.49,811.59,33314.31,-6111.62,51,btc_2023-01-06_2023-12-31T08-00-00Z_otm10_step1000_longbtc_dyn_entry08h00_delay60m_deribitbtcusddeliveryprice_001,-5300.03
2024,uniform,optimistic,0.05,0.0996,0.05,112.8,111.15,-1.64,48691.66,47982.06,709.6,91149.92,-3096.95,51,btc_2024-01-05_2024-12-31T08-00-00Z_otm10_step1000_longbtc_dyn_entry08h00_delay60m_deribitbtcusddeliveryprice_001,-2387.35
2024,uniform,realistic,0.1,0.0996,0.1,112.8,109.51,-3.29,48691.66,47272.46,1419.21,90440.32,-3806.55,51,btc_2024-01-05_2024-12-31T08-00-00Z_otm10_step1000_longbtc_dyn_entry08h00_delay60m_deribitbtcusddeliveryprice_001,-2387.35
2024,uniform,conservative,0.2,0.0996,0.2,112.8,106.22,-6.58,48691.66,45853.25,2838.41,89021.11,-5225.76,51,btc_2024-01-05_2024-12-31T08-00-00Z_otm10_step1000_longbtc_dyn_entry08h00_delay60m_deribitbtcusddeliveryprice_001,-2387.35
2025,uniform,optimistic,0.05,0.0979,0.05,1.62,1.01,-0.61,1557.22,968.4,588.82,96930.02,9862.43,51,btc_2025-01-03_2025-12-31T08-00-00Z_otm10_step1000_longbtc_dyn_entry08h00_delay60m_deribitbtcusddeliveryprice_001,10451.25
2025,uniform,realistic,0.1,0.0979,0.1,1.62,0.4,-1.23,1557.22,379.58,1177.64,96341.2,9273.61,51,btc_2025-01-03_2025-12-31T08-00-00Z_otm10_step1000_longbtc_dyn_entry08h00_delay60m_deribitbtcusddeliveryprice_001,10451.25
2025,uniform,conservative,0.2,0.0979,0.2,1.62,-0.83,-2.45,1557.22,-798.06,2355.28,95163.56,8095.97,51,btc_2025-01-03_2025-12-31T08-00-00Z_otm10_step1000_longbtc_dyn_entry08h00_delay60m_deribitbtcusddeliveryprice_001,10451.25
2026,uniform,optimistic,0.05,0.1004,0.05,-6.71,-6.87,-0.16,-5954.75,-6094.74,139.98,82683.72,2659.66,18,btc_2026-01-02_2026-05-08T08-00-00Z_otm10_step1000_longbtc_dyn_entry08h00_delay60m_deribitbtcusddeliveryprice_001,2799.64
2026,uniform,realistic,0.1,0.1004,0.1,-6.71,-7.02,-0.32,-5954.75,-6234.72,279.96,82543.73,2519.68,18,btc_2026-01-02_2026-05-08T08-00-00Z_otm10_step1000_longbtc_dyn_entry08h00_delay60m_deribitbtcusddeliveryprice_001,2799.64
2026,uniform,conservative,0.2,0.1004,0.2,-6.71,-7.34,-0.63,-5954.75,-6514.68,559.93,82263.77,2239.71,18,btc_2026-01-02_2026-05-08T08-00-00Z_otm10_step1000_longbtc_dyn_entry08h00_delay60m_deribitbtcusddeliveryprice_001,2799.64
TOTAL,uniform,optimistic,0.05,0.1005,0.05,1109.02,1002.9,-106.12,81821.59,77517.74,4303.85,,12857.84,325,TOTAL,17161.69
TOTAL,uniform,realistic,0.1,0.1005,0.1,1109.02,903.92,-205.1,81821.59,73213.89,8607.7,,8553.99,325,TOTAL,17161.69
TOTAL,uniform,conservative,0.2,0.1005,0.2,1109.02,726.01,-383.01,81821.59,64606.18,17215.41,,-53.72,325,TOTAL,17161.69