date,year,regime,damage_state,alert_state,drawdown_state,duration_state,var_state,ewma_state,tail_state,rolling_drawdown_pct,historical_var_loss_pct,ewma_vol_pct,daily_return_pct,underwater_duration_days,recent_tail_loss_days,alert_reason
2025-01-03,2025,Mixed,normal,normal,normal,normal,normal,normal,normal,0,,,,0,0,
2025-01-04,2025,Mixed,normal,normal,normal,normal,normal,normal,normal,0,,2.647167,2.647167,0,0,
2025-01-05,2025,Mixed,normal,normal,normal,normal,normal,normal,normal,-0.286044,,2.56748,-0.286044,1,0,
2025-01-06,2025,Mixed,normal,normal,normal,normal,normal,normal,normal,0,,2.509458,1.297073,0,0,
2025-01-07,2025,Mixed,normal,normal,normal,normal,normal,normal,normal,-1.257397,,2.452427,-1.257397,1,0,
2025-01-08,2025,Mixed,normal,normal,normal,normal,normal,normal,watch,-5.684675,,2.619108,-4.483656,2,1,
2025-01-09,2025,Mixed,normal,normal,normal,normal,normal,normal,stress,-8.942163,,2.676542,-3.453826,3,2,
2025-01-10,2025,Mixed,normal,normal,normal,normal,normal,normal,stress,-10.595702,,2.63285,-1.815922,4,2,
2025-01-11,2025,Mixed,normal,normal,normal,normal,normal,normal,stress,-9.287856,,2.577669,1.462845,5,2,
2025-01-12,2025,Mixed,normal,normal,normal,normal,normal,normal,stress,-9.385927,,2.499283,-0.108113,6,2,
2025-01-13,2025,Mixed,normal,normal,normal,normal,normal,normal,stress,-15.064596,,2.868459,-6.266873,7,3,
2025-01-14,2025,Mixed,normal,normal,normal,normal,normal,normal,stress,-11.314236,,2.98399,4.415544,8,3,
2025-01-15,2025,Mixed,normal,normal,normal,normal,normal,normal,stress,-7.020585,,3.126708,4.841421,9,2,
2025-01-16,2025,Mixed,normal,normal,normal,normal,normal,normal,normal,-8.285523,,3.049717,-1.36045,10,1,
2025-01-17,2025,Mixed,normal,normal,normal,normal,normal,normal,normal,-6.071068,,3.01538,2.41451,11,1,
2025-01-18,2025,Mixed,normal,normal,normal,normal,normal,normal,stress,-8.9608,,3.019083,-3.076508,12,2,
2025-01-19,2025,Mixed,normal,normal,normal,normal,normal,normal,stress,-7.328336,,2.959881,1.793144,13,2,
2025-01-20,2025,Mixed,watch,watch,normal,watch,normal,normal,normal,-7.979561,,2.874868,-0.702723,14,1,damage_watch_context
2025-01-21,2025,Mixed,watch,watch,normal,watch,normal,normal,normal,-8.374926,,2.789274,-0.42965,15,1,damage_watch_context
2025-01-22,2025,Mixed,watch,watch,normal,watch,normal,normal,normal,-7.967479,,2.706495,0.44469,16,1,damage_watch_context
2025-01-23,2025,Mixed,watch,watch,normal,watch,normal,normal,normal,-8.219237,,2.624899,-0.273553,17,1,damage_watch_context
2025-01-24,2025,Mixed,watch,watch,normal,watch,normal,normal,normal,-6.758638,,2.574615,1.591399,18,1,damage_watch_context
2025-01-25,2025,Mixed,watch,watch,normal,watch,normal,normal,normal,-8.048414,,2.519073,-1.383266,19,0,damage_watch_context
2025-01-26,2025,Mixed,watch,watch,normal,watch,normal,normal,normal,-8.056367,,2.442333,-0.008649,20,0,damage_watch_context
2025-01-27,2025,Mixed,stress,watch,normal,stress,normal,normal,watch,-12.361214,,2.631043,-4.682051,21,1,damage_watch_context
2025-01-28,2025,Mixed,stress,watch,normal,stress,normal,normal,normal,-11.160508,,2.572872,1.370063,22,1,damage_watch_context
2025-01-29,2025,Mixed,stress,watch,normal,stress,normal,normal,stress,-13.318618,,2.56448,-2.429224,23,2,damage_watch_context
2025-01-30,2025,Mixed,stress,watch,normal,stress,normal,normal,stress,-8.422244,,2.845423,5.648704,24,2,damage_watch_context
2025-01-31,2025,Mixed,stress,watch,normal,stress,normal,normal,stress,,,2.845423,,,2,damage_watch_context
2025-02-01,2025,Mixed,stress,watch,normal,stress,normal,normal,stress,,,2.845423,,,2,damage_watch_context
2025-02-02,2025,Mixed,stress,watch,normal,stress,normal,normal,stress,,,2.845423,,,2,damage_watch_context
2025-02-03,2025,Mixed,stress,watch,normal,stress,normal,normal,stress,,,2.845423,,,2,damage_watch_context
2025-02-04,2025,Mixed,stress,watch,normal,stress,normal,normal,stress,,,2.845423,,,2,damage_watch_context
2025-02-05,2025,Mixed,stress,watch,normal,stress,normal,normal,stress,,,2.845423,,,2,damage_watch_context
2025-02-06,2025,Mixed,stress,watch,normal,stress,normal,normal,stress,,,2.845423,,,2,damage_watch_context
2025-02-07,2025,Mixed,stress,stress,watch,stress,normal,normal,stress,-24.399966,,2.845423,,25,2,drawdown_watch_plus_duration_plus_risk_signal
2025-02-08,2025,Mixed,stress,stress,watch,stress,normal,normal,stress,-27.27022,,2.911273,-3.796631,26,3,drawdown_watch_plus_duration_plus_risk_signal
2025-02-09,2025,Mixed,stress,stress,watch,stress,normal,normal,stress,-26.952549,,2.824611,0.436783,27,3,drawdown_watch_plus_duration_plus_risk_signal
2025-02-10,2025,Mixed,stress,stress,watch,stress,normal,normal,stress,-26.137874,,2.752154,1.115268,28,3,drawdown_watch_plus_duration_plus_risk_signal
2025-02-11,2025,Mixed,stress,stress,watch,stress,normal,normal,stress,-25.511329,4.592773,2.67639,0.848262,29,2,drawdown_watch_plus_duration_plus_risk_signal
2025-02-12,2025,Mixed,stress,stress,watch,stress,normal,normal,stress,-27.269152,4.592773,2.658461,-2.359853,30,3,drawdown_watch_plus_duration_plus_risk_signal
2025-02-13,2025,Mixed,stress,stress,watch,stress,normal,normal,stress,-26.240546,4.592773,2.60065,1.414264,31,2,drawdown_watch_plus_duration_plus_risk_signal
2025-02-14,2025,Mixed,stress,stress,watch,stress,normal,normal,stress,-25.031146,4.592773,2.55321,1.639655,32,2,drawdown_watch_plus_duration_plus_risk_signal
2025-02-15,2025,Mixed,stress,watch,watch,stress,normal,normal,normal,-25.369264,4.592773,2.477893,-0.451012,33,1,damage_watch_context
2025-02-16,2025,Mixed,stress,watch,watch,stress,normal,normal,normal,-25.228145,4.283612,2.402853,0.189089,34,1,damage_watch_context
2025-02-17,2025,Mixed,stress,watch,watch,stress,normal,normal,normal,-22.013679,4.283612,2.556596,4.299032,35,1,damage_watch_context
2025-02-18,2025,Mixed,stress,stress,watch,stress,normal,normal,stress,-25.396193,4.283612,2.696804,-4.337316,36,2,drawdown_watch_plus_duration_plus_risk_signal
2025-02-19,2025,Mixed,stress,watch,watch,stress,normal,normal,normal,-24.756651,4.52692,2.623066,0.85725,37,1,damage_watch_context
2025-02-20,2025,Mixed,stress,watch,watch,stress,normal,normal,normal,-23.544015,4.52692,2.573614,1.611619,38,1,damage_watch_context
2025-02-21,2025,Mixed,stress,watch,watch,stress,normal,normal,normal,-22.475727,4.094008,2.518575,1.397259,39,1,damage_watch_context
2025-02-22,2025,Mixed,stress,stress,watch,stress,normal,normal,stress,-24.050489,4.094008,2.492027,-2.031315,40,2,drawdown_watch_plus_duration_plus_risk_signal
2025-02-23,2025,Mixed,stress,stress,watch,stress,normal,normal,stress,-22.932645,4.094008,2.44286,1.471825,41,2,drawdown_watch_plus_duration_plus_risk_signal
2025-02-24,2025,Mixed,stress,stress,watch,stress,normal,normal,stress,-25.715992,4.094008,2.528264,-3.611576,42,3,drawdown_watch_plus_duration_plus_risk_signal
2025-02-25,2025,Mixed,stress,stress,watch,stress,normal,normal,crisis,-33.832283,4.094008,3.629225,-10.926028,43,3,drawdown_watch_plus_duration_plus_risk_signal
2025-02-26,2025,Mixed,stress,stress,watch,stress,normal,normal,stress,-31.665292,4.52692,3.608952,3.274997,44,3,drawdown_watch_plus_duration_plus_risk_signal
2025-02-27,2025,Mixed,stress,stress,watch,stress,normal,normal,stress,-35.672778,4.52692,3.782407,-5.864495,45,4,drawdown_watch_plus_duration_plus_risk_signal
2025-02-28,2025,Mixed,stress,watch,normal,stress,normal,normal,stress,,4.52692,3.782407,,,4,damage_watch_context
2025-03-01,2025,Mixed,stress,watch,normal,stress,normal,normal,stress,,4.52692,3.782407,,,4,damage_watch_context
2025-03-02,2025,Mixed,stress,watch,normal,stress,normal,normal,stress,,4.52692,3.782407,,,4,damage_watch_context
2025-03-03,2025,Mixed,stress,watch,normal,stress,normal,normal,stress,,4.52692,3.782407,,,4,damage_watch_context
2025-03-04,2025,Mixed,stress,watch,normal,stress,normal,normal,stress,,4.52692,3.782407,,,4,damage_watch_context
2025-03-05,2025,Mixed,stress,watch,normal,stress,normal,normal,stress,,4.52692,3.782407,,,4,damage_watch_context
2025-03-06,2025,Mixed,stress,watch,normal,stress,normal,normal,stress,,4.52692,3.782407,,,4,damage_watch_context
2025-03-07,2025,Mixed,stress,stress,watch,stress,normal,normal,stress,-39.383605,4.52692,3.782407,,46,4,drawdown_watch_plus_duration_plus_risk_signal
2025-03-08,2025,Mixed,stress,stress,watch,stress,normal,normal,stress,-39.881112,5.332395,3.672686,-0.820747,47,4,drawdown_watch_plus_duration_plus_risk_signal
2025-03-09,2025,Mixed,stress,stress,stress,stress,normal,normal,stress,-41.391517,5.332395,3.613589,-2.512363,48,4,drawdown_stress
2025-03-10,2025,Mixed,stress,stress,stress,stress,normal,normal,stress,-42.160927,5.332395,3.518231,-1.312796,49,4,drawdown_stress
2025-03-11,2025,Mixed,stress,stress,stress,stress,normal,normal,stress,-46.571494,5.332395,3.88899,-7.625583,50,4,drawdown_stress
2025-03-12,2025,Mixed,stress,stress,stress,stress,watch,normal,stress,-47.186991,6.833094,3.78106,-1.152002,51,3,drawdown_stress
2025-03-13,2025,Mixed,stress,stress,stress,stress,watch,normal,stress,-47.608217,6.833094,3.671076,-0.79758,52,3,drawdown_stress
2025-03-14,2025,Mixed,stress,stress,stress,stress,watch,normal,stress,-48.020742,6.833094,3.564462,-0.787384,53,2,drawdown_stress
2025-03-15,2025,Mixed,stress,stress,stress,stress,watch,normal,stress,-46.931336,6.833094,3.493797,2.095848,54,2,drawdown_stress
2025-03-16,2025,Mixed,stress,stress,stress,stress,watch,normal,normal,-47.971531,6.833094,3.421219,-1.960093,55,1,drawdown_stress
2025-03-17,2025,Mixed,stress,stress,stress,stress,watch,normal,normal,-47.406212,6.833094,3.327656,1.086557,56,1,drawdown_stress
2025-03-18,2025,Mixed,stress,stress,stress,stress,watch,normal,normal,-47.626515,6.833094,3.227913,-0.418876,57,0,drawdown_stress
2025-03-19,2025,Mixed,stress,stress,stress,stress,watch,normal,normal,-44.823671,6.833094,3.393032,5.351647,58,0,drawdown_stress
2025-03-20,2025,Mixed,stress,stress,stress,stress,watch,normal,normal,-44.629908,6.833094,3.290791,0.351171,59,0,drawdown_stress
2025-03-21,2025,Mixed,stress,stress,stress,stress,watch,normal,watch,-46.106601,6.833094,3.256732,-2.66695,60,1,drawdown_stress
2025-03-22,2025,Mixed,stress,stress,stress,stress,watch,normal,normal,-45.186073,6.833094,3.185117,1.708052,61,1,drawdown_stress
2025-03-23,2025,Mixed,stress,stress,stress,stress,watch,normal,normal,-44.564477,6.833094,3.100554,1.134011,62,1,drawdown_stress
2025-03-24,2025,Mixed,stress,stress,stress,stress,watch,normal,normal,-43.584081,6.833094,3.037151,1.768534,63,1,drawdown_stress
2025-03-25,2025,Mixed,stress,stress,stress,stress,watch,normal,normal,-43.481516,6.833094,2.944964,0.181803,64,1,drawdown_stress
2025-03-26,2025,Mixed,stress,stress,stress,stress,watch,normal,normal,-43.665706,6.833094,2.856365,-0.325894,65,1,drawdown_stress
2025-03-27,2025,Mixed,stress,stress,stress,stress,watch,normal,normal,-43.903763,6.833094,2.771282,-0.422578,66,1,drawdown_stress
2025-03-28,2025,Mixed,stress,watch,normal,stress,watch,normal,normal,,6.833094,2.771282,,,1,damage_watch_context
2025-03-29,2025,Mixed,stress,watch,normal,stress,watch,normal,normal,,6.833094,2.771282,,,1,damage_watch_context
2025-03-30,2025,Mixed,stress,watch,normal,stress,watch,normal,normal,,6.833094,2.771282,,,1,damage_watch_context
2025-03-31,2025,Mixed,stress,watch,normal,stress,watch,normal,normal,,6.833094,2.771282,,,1,damage_watch_context
2025-04-01,2025,Mixed,stress,watch,normal,stress,watch,normal,normal,,6.833094,2.771282,,,1,damage_watch_context
2025-04-02,2025,Mixed,stress,watch,normal,stress,watch,normal,normal,,6.833094,2.771282,,,1,damage_watch_context
2025-04-03,2025,Mixed,stress,watch,normal,stress,watch,normal,normal,,6.833094,2.771282,,,1,damage_watch_context
2025-04-04,2025,Mixed,stress,stress,stress,stress,watch,normal,normal,-50.359974,6.833094,2.771282,,67,1,drawdown_stress
2025-04-05,2025,Mixed,stress,stress,stress,stress,watch,normal,normal,-50.588585,6.833094,2.689225,-0.460538,68,0,drawdown_stress
2025-04-06,2025,Mixed,stress,stress,stress,stress,watch,normal,normal,-51.511346,6.833094,2.647124,-1.867506,69,0,drawdown_stress
2025-04-07,2025,Mixed,stress,stress,stress,stress,watch,normal,crisis,-56.498957,6.833094,3.596542,-10.286141,70,1,drawdown_stress
2025-04-08,2025,Mixed,stress,stress,stress,stress,watch,normal,normal,-56.070807,9.08889,3.495301,0.98423,71,1,drawdown_stress
2025-04-09,2025,Mixed,stress,stress,stress,stress,watch,normal,stress,-58.245352,9.08889,3.599211,-4.950113,72,2,drawdown_stress
2025-04-10,2025,Mixed,stress,stress,stress,stress,watch,normal,stress,-56.131104,9.08889,3.703431,5.063502,73,2,drawdown_stress
2025-04-11,2025,Mixed,stress,stress,stress,stress,watch,normal,stress,-57.206944,9.08889,3.640513,-2.452396,74,3,drawdown_stress
2025-04-12,2025,Mixed,stress,stress,stress,stress,watch,normal,stress,-55.149598,9.08889,3.72088,4.807662,75,3,drawdown_stress
2025-04-13,2025,Mixed,stress,stress,stress,stress,watch,normal,stress,-56.824151,6.833094,3.721647,-3.733641,76,4,drawdown_stress
2025-04-14,2025,Mixed,stress,stress,stress,stress,watch,normal,stress,-55.271743,6.833094,3.714202,3.595548,77,3,drawdown_stress
2025-04-15,2025,Mixed,stress,stress,stress,stress,watch,normal,stress,-55.232822,6.421621,3.601115,0.087016,78,3,drawdown_stress
2025-04-16,2025,Mixed,stress,stress,stress,stress,watch,normal,stress,-56.200978,6.421621,3.53137,-2.162648,79,3,drawdown_stress
2025-04-17,2025,Mixed,stress,stress,stress,stress,watch,normal,stress,-55.446967,6.421621,3.44966,1.721525,80,3,drawdown_stress
2025-04-18,2025,Mixed,stress,stress,stress,stress,watch,normal,stress,-55.803571,6.421621,3.350311,-0.800404,81,2,drawdown_stress
2025-04-19,2025,Mixed,stress,stress,stress,stress,normal,normal,stress,-55.496164,4.4027,3.252713,0.695548,82,2,drawdown_stress
2025-04-20,2025,Mixed,stress,stress,stress,stress,normal,normal,normal,-56.13428,4.4027,3.173119,-1.433844,83,1,drawdown_stress
2025-04-21,2025,Mixed,stress,stress,stress,stress,normal,normal,normal,-55.279453,4.4027,3.113265,1.948736,84,1,drawdown_stress
2025-04-22,2025,Mixed,stress,stress,stress,stress,normal,normal,normal,-54.362397,4.4027,3.059931,2.050636,85,1,drawdown_stress
2025-04-23,2025,Mixed,stress,stress,stress,stress,normal,normal,normal,-53.308566,4.4027,3.020151,2.309128,86,0,drawdown_stress
2025-04-24,2025,Mixed,stress,stress,stress,stress,normal,normal,normal,-52.285326,4.4027,2.976944,2.191494,87,0,drawdown_stress
2025-04-25,2025,Mixed,stress,watch,normal,stress,normal,normal,normal,,4.4027,2.976944,,,0,damage_watch_context
2025-04-26,2025,Mixed,stress,watch,normal,stress,normal,normal,normal,,4.4027,2.976944,,,0,damage_watch_context
2025-04-27,2025,Mixed,stress,watch,normal,stress,normal,normal,normal,,4.4027,2.976944,,,0,damage_watch_context
2025-04-28,2025,Mixed,stress,watch,normal,stress,normal,normal,normal,,4.4027,2.976944,,,0,damage_watch_context
2025-04-29,2025,Mixed,stress,watch,normal,stress,normal,normal,normal,,4.4027,2.976944,,,0,damage_watch_context
2025-04-30,2025,Mixed,stress,watch,normal,stress,normal,normal,normal,,4.4027,2.976944,,,0,damage_watch_context
2025-05-01,2025,Mixed,stress,watch,normal,stress,normal,normal,normal,,4.4027,2.976944,,,0,damage_watch_context
2025-05-02,2025,Mixed,stress,watch,normal,stress,normal,normal,normal,,4.4027,2.976944,,,0,damage_watch_context
2025-05-03,2025,Mixed,stress,watch,normal,stress,normal,normal,normal,,4.4027,2.976944,,,0,damage_watch_context
2025-05-04,2025,Mixed,stress,watch,normal,stress,normal,normal,normal,,4.4027,2.976944,,,0,damage_watch_context
2025-05-05,2025,Mixed,stress,watch,normal,stress,normal,normal,normal,,4.4027,2.976944,,,0,damage_watch_context
2025-05-06,2025,Mixed,stress,watch,normal,stress,normal,normal,normal,,4.4027,2.976944,,,0,damage_watch_context
2025-05-07,2025,Mixed,stress,watch,normal,stress,normal,normal,normal,,4.4027,2.976944,,,0,damage_watch_context
2025-05-08,2025,Mixed,stress,watch,normal,stress,normal,normal,normal,,4.4027,2.976944,,,0,damage_watch_context
2025-05-09,2025,Mixed,stress,watch,watch,stress,normal,normal,normal,-35.105132,4.4027,2.976944,,88,0,damage_watch_context
2025-05-10,2025,Mixed,stress,watch,watch,stress,normal,normal,normal,-33.482304,4.4027,2.950538,2.500704,89,0,damage_watch_context
2025-05-11,2025,Mixed,stress,watch,watch,stress,normal,normal,normal,-33.120284,4.4027,2.863757,0.544246,90,0,damage_watch_context
2025-05-12,2025,Mixed,stress,watch,watch,stress,normal,normal,normal,-31.517339,4.4027,2.837905,2.396759,91,0,damage_watch_context
2025-05-13,2025,Mixed,stress,watch,watch,stress,normal,normal,normal,-31.098476,4.4027,2.755527,0.611633,92,0,damage_watch_context
2025-05-14,2025,Mixed,stress,watch,watch,stress,normal,normal,normal,-30.243211,4.4027,2.688829,1.241286,93,0,damage_watch_context
2025-05-15,2025,Mixed,stress,watch,watch,stress,normal,normal,normal,-30.271123,4.4027,2.606935,-0.040013,94,0,damage_watch_context
2025-05-16,2025,Mixed,stress,watch,watch,stress,normal,normal,normal,-28.576491,4.4027,2.596676,2.430316,95,0,damage_watch_context
2025-05-17,2025,Mixed,stress,stress,watch,stress,normal,normal,watch,-31.301574,4.4027,2.685441,-3.815386,96,1,drawdown_watch_plus_duration_plus_risk_signal
2025-05-18,2025,Mixed,stress,watch,watch,stress,normal,normal,normal,-29.175298,4.439486,2.711766,3.095086,97,1,damage_watch_context
2025-05-19,2025,Mixed,stress,stress,watch,stress,normal,normal,stress,-32.231766,4.439486,2.833705,-4.315539,98,2,drawdown_watch_plus_duration_plus_risk_signal
2025-05-20,2025,Mixed,stress,stress,watch,stress,normal,normal,stress,-30.751752,4.664554,2.798976,2.183934,99,2,drawdown_watch_plus_duration_plus_risk_signal
2025-05-21,2025,Mixed,stress,stress,watch,stress,normal,normal,stress,-28.816149,4.664554,2.798747,2.795165,100,2,drawdown_watch_plus_duration_plus_risk_signal
2025-05-22,2025,Mixed,stress,stress,watch,stress,normal,normal,stress,-26.055704,4.664554,2.874943,3.877909,101,2,drawdown_watch_plus_duration_plus_risk_signal
2025-05-23,2025,Mixed,stress,stress,watch,stress,normal,normal,stress,-28.578555,4.09047,2.909951,-3.411826,102,3,drawdown_watch_plus_duration_plus_risk_signal
2025-05-24,2025,Mixed,stress,stress,watch,stress,normal,normal,stress,-29.249905,4.09047,2.830682,-0.939984,103,2,drawdown_watch_plus_duration_plus_risk_signal
2025-05-25,2025,Mixed,stress,stress,watch,stress,normal,normal,stress,-30.07509,3.7786,2.759278,-1.166338,104,2,drawdown_watch_plus_duration_plus_risk_signal
2025-05-26,2025,Mixed,stress,watch,watch,stress,normal,normal,normal,-28.895815,3.7786,2.706927,1.686487,105,1,damage_watch_context
2025-05-27,2025,Mixed,stress,watch,watch,stress,normal,normal,normal,-26.105736,3.7786,2.794931,3.923931,106,1,damage_watch_context
2025-05-28,2025,Mixed,stress,watch,watch,stress,normal,normal,normal,-25.972944,3.7786,2.710143,0.179705,107,1,damage_watch_context
2025-05-29,2025,Mixed,stress,watch,watch,stress,normal,normal,normal,-25.477824,3.633784,2.632684,0.668836,108,1,damage_watch_context
2025-05-30,2025,Mixed,stress,watch,normal,stress,normal,normal,normal,,3.633784,2.632684,,,1,damage_watch_context
2025-05-31,2025,Mixed,stress,watch,normal,stress,normal,normal,normal,,3.633784,2.632684,,,1,damage_watch_context
2025-06-01,2025,Mixed,stress,watch,normal,stress,normal,normal,normal,,3.633784,2.632684,,,1,damage_watch_context
2025-06-02,2025,Mixed,stress,watch,normal,stress,normal,normal,normal,,3.633784,2.632684,,,1,damage_watch_context
2025-06-03,2025,Mixed,stress,watch,normal,stress,normal,normal,normal,,3.633784,2.632684,,,1,damage_watch_context
2025-06-04,2025,Mixed,stress,watch,normal,stress,normal,normal,normal,,3.633784,2.632684,,,1,damage_watch_context
2025-06-05,2025,Mixed,stress,watch,normal,stress,normal,normal,normal,,3.633784,2.632684,,,1,damage_watch_context
2025-06-06,2025,Mixed,stress,watch,watch,stress,normal,normal,normal,-31.24843,3.633784,2.632684,,109,1,damage_watch_context
2025-06-07,2025,Mixed,stress,watch,watch,stress,normal,normal,normal,-30.680272,3.633784,2.560496,0.826393,110,0,damage_watch_context
2025-06-08,2025,Mixed,stress,watch,watch,stress,normal,normal,normal,-30.730626,3.633784,2.482557,-0.072641,111,0,damage_watch_context
2025-06-09,2025,Mixed,stress,watch,watch,stress,normal,normal,normal,-30.223425,3.633784,2.413601,0.732217,112,0,damage_watch_context
2025-06-10,2025,Mixed,stress,watch,watch,stress,normal,normal,normal,-28.043201,3.633784,2.462056,3.124577,113,0,damage_watch_context
2025-06-11,2025,Mixed,stress,watch,watch,stress,normal,normal,normal,-26.829944,3.633784,2.422518,1.686092,114,0,damage_watch_context
2025-06-12,2025,Mixed,stress,watch,watch,stress,normal,normal,normal,-27.036698,3.633784,2.349738,-0.282567,115,0,damage_watch_context
2025-06-13,2025,Mixed,stress,stress,watch,stress,normal,normal,watch,-30.353044,3.633784,2.535653,-4.545224,116,1,drawdown_watch_plus_duration_plus_risk_signal
2025-06-14,2025,Mixed,stress,watch,watch,stress,normal,normal,normal,-30.233984,4.09047,2.458763,0.170947,117,1,damage_watch_context
2025-06-15,2025,Mixed,stress,watch,watch,stress,normal,normal,normal,-29.856324,4.09047,2.387544,0.541324,118,1,damage_watch_context
2025-06-16,2025,Mixed,stress,watch,watch,stress,normal,normal,normal,-28.061141,4.09047,2.398196,2.559295,119,1,damage_watch_context
2025-06-17,2025,Mixed,stress,watch,watch,stress,normal,normal,normal,-29.179732,4.09047,2.356126,-1.554919,120,1,damage_watch_context
2025-06-18,2025,Mixed,stress,watch,watch,stress,normal,normal,normal,-30.227802,4.09047,2.312933,-1.479902,121,1,damage_watch_context
2025-06-19,2025,Mixed,stress,watch,watch,stress,normal,normal,normal,-29.642254,4.09047,2.251874,0.839229,122,1,damage_watch_context
2025-06-20,2025,Mixed,stress,watch,watch,stress,normal,normal,normal,-29.919116,4.09047,2.1854,-0.393506,123,0,damage_watch_context
2025-06-21,2025,Mixed,stress,stress,watch,stress,normal,normal,watch,-32.469035,4.09047,2.298641,-3.638538,124,1,drawdown_watch_plus_duration_plus_risk_signal
2025-06-22,2025,Mixed,stress,stress,watch,stress,normal,normal,stress,-38.464182,4.09047,3.113753,-8.877626,125,2,drawdown_watch_plus_duration_plus_risk_signal
2025-06-23,2025,Mixed,stress,stress,watch,stress,normal,normal,stress,-35.544806,4.441866,3.234837,4.744189,126,2,drawdown_watch_plus_duration_plus_risk_signal
2025-06-24,2025,Mixed,stress,stress,watch,stress,normal,normal,stress,-32.176509,4.441866,3.387456,5.225796,127,2,drawdown_watch_plus_duration_plus_risk_signal
2025-06-25,2025,Mixed,stress,stress,watch,stress,normal,normal,stress,-31.839682,4.441866,3.286513,0.496623,128,2,drawdown_watch_plus_duration_plus_risk_signal
2025-06-26,2025,Mixed,stress,stress,watch,stress,normal,normal,stress,-31.770731,4.441866,3.186489,0.10116,129,2,drawdown_watch_plus_duration_plus_risk_signal
2025-06-27,2025,Mixed,stress,watch,normal,stress,normal,normal,stress,,4.441866,3.186489,,,2,damage_watch_context
2025-06-28,2025,Mixed,stress,watch,normal,stress,normal,normal,stress,,4.441866,3.186489,,,2,damage_watch_context
2025-06-29,2025,Mixed,stress,watch,normal,stress,normal,normal,stress,,4.441866,3.186489,,,2,damage_watch_context
2025-06-30,2025,Mixed,stress,watch,normal,stress,normal,normal,stress,,4.441866,3.186489,,,2,damage_watch_context
2025-07-01,2025,Mixed,stress,watch,normal,stress,normal,normal,stress,,4.441866,3.186489,,,2,damage_watch_context
2025-07-02,2025,Mixed,stress,watch,normal,stress,normal,normal,stress,,4.441866,3.186489,,,2,damage_watch_context
2025-07-03,2025,Mixed,stress,watch,normal,stress,normal,normal,stress,,4.441866,3.186489,,,2,damage_watch_context
2025-07-04,2025,Mixed,stress,stress,watch,stress,normal,normal,stress,-30.057988,4.441866,3.186489,,130,2,drawdown_watch_plus_duration_plus_risk_signal
2025-07-05,2025,Mixed,stress,stress,watch,stress,normal,normal,stress,-30.194478,4.137215,3.089785,-0.195147,131,2,drawdown_watch_plus_duration_plus_risk_signal
2025-07-06,2025,Mixed,stress,watch,watch,stress,normal,normal,normal,-29.191426,4.137215,3.016264,1.436923,132,1,damage_watch_context
2025-07-07,2025,Mixed,stress,watch,watch,stress,normal,normal,normal,-28.982723,4.137215,2.925268,0.294743,133,0,damage_watch_context
2025-07-08,2025,Mixed,stress,watch,watch,stress,normal,normal,normal,-28.190111,4.137215,2.849298,1.116084,134,0,damage_watch_context
2025-07-09,2025,Mixed,stress,watch,watch,stress,normal,normal,normal,-26.961639,4.137215,2.794098,1.710728,135,0,damage_watch_context
2025-07-10,2025,Mixed,stress,watch,watch,stress,normal,normal,normal,-25.757416,4.137215,2.738917,1.648754,136,0,damage_watch_context
2025-07-11,2025,Mixed,stress,watch,normal,stress,normal,normal,normal,-17.691868,4.137215,3.759371,10.863777,137,0,damage_watch_context
2025-07-12,2025,Mixed,stress,watch,normal,stress,normal,normal,normal,-18.824522,4.137215,3.660398,-1.376114,138,0,damage_watch_context
2025-07-13,2025,Mixed,stress,watch,normal,stress,normal,normal,normal,-17.756679,4.137215,3.563486,1.315474,139,0,damage_watch_context
2025-07-14,2025,Mixed,stress,watch,normal,stress,normal,normal,normal,-16.158192,4.137215,3.487576,1.943608,140,0,damage_watch_context
2025-07-15,2025,Mixed,stress,watch,normal,stress,normal,normal,normal,-15.97099,4.137215,3.381772,0.223279,141,0,damage_watch_context
2025-07-16,2025,Mixed,stress,watch,normal,stress,normal,normal,normal,-13.839531,4.137215,3.337103,2.536575,142,0,damage_watch_context
2025-07-17,2025,Mixed,stress,watch,normal,stress,normal,normal,normal,-14.194908,4.137215,3.237018,-0.41246,143,0,damage_watch_context
2025-07-18,2025,Mixed,stress,watch,normal,stress,normal,watch,normal,-0.158068,4.137215,5.089849,16.358982,144,0,damage_watch_context
2025-07-19,2025,Mixed,stress,watch,normal,stress,normal,watch,normal,-1.401021,4.137215,4.944205,-1.24492,145,0,damage_watch_context
2025-07-20,2025,Mixed,normal,normal,normal,normal,normal,watch,normal,0,4.137215,4.863905,3.364317,0,0,
2025-07-21,2025,Mixed,normal,normal,normal,normal,normal,watch,normal,0,4.137215,4.743208,2.081281,0,0,
2025-07-22,2025,Mixed,normal,normal,normal,normal,normal,watch,watch,-2.699265,2.700909,4.645998,-2.699265,1,1,
2025-07-23,2025,Mixed,normal,normal,normal,normal,normal,watch,normal,-3.562273,3.215865,4.509699,-0.886949,2,1,
2025-07-24,2025,Mixed,normal,normal,normal,normal,normal,watch,normal,-2.383081,3.215865,4.382562,1.22275,3,1,
2025-07-25,2025,Mixed,normal,normal,normal,normal,normal,watch,normal,,3.215865,4.382562,,,1,
2025-07-26,2025,Mixed,normal,normal,normal,normal,normal,watch,normal,,3.215865,4.382562,,,1,
2025-07-27,2025,Mixed,normal,normal,normal,normal,normal,watch,normal,,3.215865,4.382562,,,1,
2025-07-28,2025,Mixed,normal,normal,normal,normal,normal,watch,normal,,3.215865,4.382562,,,1,
2025-07-29,2025,Mixed,normal,normal,normal,normal,normal,watch,normal,,3.215865,4.382562,,,1,
2025-07-30,2025,Mixed,normal,normal,normal,normal,normal,watch,normal,,3.215865,4.382562,,,1,
2025-07-31,2025,Mixed,normal,normal,normal,normal,normal,watch,normal,,3.215865,4.382562,,,1,
2025-08-01,2025,Mixed,normal,normal,normal,normal,normal,watch,normal,,3.215865,4.382562,,,1,
2025-08-02,2025,Mixed,normal,normal,normal,normal,normal,watch,normal,,3.215865,4.382562,,,1,
2025-08-03,2025,Mixed,normal,normal,normal,normal,normal,watch,normal,,3.215865,4.382562,,,1,
2025-08-04,2025,Mixed,normal,normal,normal,normal,normal,watch,normal,,3.215865,4.382562,,,1,
2025-08-05,2025,Mixed,normal,normal,normal,normal,normal,watch,normal,,3.215865,4.382562,,,1,
2025-08-06,2025,Mixed,normal,normal,normal,normal,normal,watch,normal,,3.215865,4.382562,,,1,
2025-08-07,2025,Mixed,normal,normal,normal,normal,normal,watch,normal,,3.215865,4.382562,,,1,
2025-08-08,2025,Mixed,normal,normal,normal,normal,normal,watch,normal,0,3.215865,4.382562,,0,1,
2025-08-09,2025,Mixed,normal,normal,normal,normal,normal,watch,normal,0,3.215865,4.28,2.097471,0,1,
2025-08-10,2025,Mixed,normal,normal,normal,normal,normal,normal,normal,-0.137117,3.215865,4.14975,-0.137117,1,1,
2025-08-11,2025,Mixed,normal,normal,normal,normal,normal,normal,normal,0,3.215865,4.047553,1.80503,0,1,
2025-08-12,2025,Mixed,normal,normal,normal,normal,normal,normal,normal,0,3.215865,3.928683,0.761858,0,1,
2025-08-13,2025,Mixed,normal,normal,normal,normal,normal,normal,normal,-0.440554,3.215865,3.810528,-0.440554,1,0,
2025-08-14,2025,Mixed,normal,normal,normal,normal,normal,normal,normal,0,2.103847,3.740235,2.382013,0,0,
2025-08-15,2025,Mixed,normal,normal,normal,normal,normal,normal,normal,0,1.317077,4.059615,7.450373,0,0,
2025-08-16,2025,Mixed,normal,normal,normal,normal,normal,normal,watch,-2.364988,1.317077,3.978346,-2.364988,1,1,
2025-08-17,2025,Mixed,normal,normal,normal,normal,normal,normal,normal,0,1.919995,3.934106,3.161179,0,1,
2025-08-18,2025,Mixed,normal,normal,normal,normal,normal,normal,stress,-5.03822,1.919995,4.008937,-5.03822,1,2,
2025-08-19,2025,Mixed,normal,normal,normal,normal,normal,normal,stress,-4.795651,2.548841,3.887312,0.255439,2,2,
2025-08-20,2025,Mixed,normal,normal,normal,normal,normal,normal,stress,-7.96251,2.548841,3.855958,-3.326381,3,3,
2025-08-21,2025,Mixed,normal,normal,normal,normal,normal,normal,stress,-5.238182,3.044179,3.808151,2.96002,4,3,
2025-08-22,2025,Mixed,normal,normal,normal,normal,normal,normal,stress,-4.189989,3.044179,3.702067,1.106134,5,3,
2025-08-23,2025,Mixed,normal,normal,normal,normal,normal,normal,stress,-2.238676,3.044179,3.623791,2.036648,6,2,
2025-08-24,2025,Mixed,normal,normal,normal,normal,normal,normal,stress,-0.193061,3.044179,3.550585,2.092458,7,2,
2025-08-25,2025,Mixed,normal,normal,normal,normal,normal,normal,normal,-0.967808,3.044179,3.447667,-0.776245,8,1,
2025-08-26,2025,Mixed,normal,normal,normal,normal,normal,normal,normal,-2.32994,3.044179,3.359573,-1.375444,9,1,
2025-08-27,2025,Mixed,normal,normal,normal,normal,normal,normal,normal,-0.594763,3.044179,3.286168,1.776569,10,0,
2025-08-28,2025,Mixed,normal,normal,normal,normal,normal,normal,normal,0,3.044179,3.189997,0.646968,0,0,
2025-08-29,2025,Mixed,normal,normal,normal,normal,normal,normal,normal,,3.044179,3.189997,,,0,
2025-08-30,2025,Mixed,normal,normal,normal,normal,normal,normal,normal,,3.044179,3.189997,,,0,
2025-08-31,2025,Mixed,normal,normal,normal,normal,normal,normal,normal,,3.044179,3.189997,,,0,
2025-09-01,2025,Mixed,normal,normal,normal,normal,normal,normal,normal,,3.044179,3.189997,,,0,
2025-09-02,2025,Mixed,normal,normal,normal,normal,normal,normal,normal,,3.044179,3.189997,,,0,
2025-09-03,2025,Mixed,normal,normal,normal,normal,normal,normal,normal,,3.044179,3.189997,,,0,
2025-09-04,2025,Mixed,normal,normal,normal,normal,normal,normal,normal,,3.044179,3.189997,,,0,
2025-09-05,2025,Mixed,normal,normal,normal,normal,normal,normal,normal,-3.364698,3.044179,3.189997,,1,0,
2025-09-06,2025,Mixed,normal,normal,normal,normal,normal,normal,watch,-5.385348,3.044179,3.134941,-2.091006,2,1,
2025-09-07,2025,Mixed,normal,normal,normal,normal,normal,normal,normal,-4.969854,3.044179,3.041341,0.439144,3,1,
2025-09-08,2025,Mixed,normal,normal,normal,normal,normal,normal,normal,-4.649705,3.044179,2.949844,0.336892,4,1,
2025-09-09,2025,Mixed,normal,normal,normal,normal,normal,normal,normal,-4.035805,3.044179,2.864325,0.643836,5,1,
2025-09-10,2025,Mixed,normal,normal,normal,normal,normal,normal,normal,-1.925987,3.044179,2.8288,2.198547,6,1,
2025-09-11,2025,Mixed,normal,normal,normal,normal,normal,normal,normal,-1.671712,3.044179,2.743359,0.259269,7,1,
2025-09-12,2025,Mixed,normal,normal,normal,normal,normal,normal,normal,-0.732291,3.044179,2.67006,0.955393,8,1,
2025-09-13,2025,Mixed,normal,normal,normal,normal,normal,normal,normal,0,3.044179,2.626768,1.818617,0,0,
2025-09-14,2025,Mixed,normal,normal,normal,normal,normal,normal,normal,-0.535412,2.893754,2.550121,-0.535412,1,0,
2025-09-15,2025,Mixed,normal,normal,normal,normal,normal,normal,normal,-1.711066,2.893754,2.489328,-1.181983,2,0,
2025-09-16,2025,Mixed,normal,normal,normal,normal,normal,normal,normal,-2.388379,2.893754,2.419389,-0.689104,3,0,
2025-09-17,2025,Mixed,normal,normal,normal,normal,normal,normal,normal,-1.708406,2.893754,2.351882,0.69661,4,0,
2025-09-18,2025,Mixed,normal,normal,normal,normal,normal,normal,normal,0,2.893754,2.370595,2.646546,0,0,
2025-09-19,2025,Mixed,normal,normal,normal,normal,normal,normal,watch,-2.459847,2.893754,2.376045,-2.459847,1,1,
2025-09-20,2025,Mixed,normal,normal,normal,normal,normal,normal,normal,-3.316612,2.936441,2.313687,-0.878372,2,1,
2025-09-21,2025,Mixed,normal,normal,normal,normal,normal,normal,normal,-2.918371,2.936441,2.24547,0.411902,3,1,
2025-09-22,2025,Mixed,normal,normal,normal,normal,normal,normal,stress,-8.558523,2.936441,2.600916,-5.809701,4,2,
2025-09-23,2025,Mixed,normal,normal,normal,normal,normal,normal,stress,-8.916997,4.267893,2.52351,-0.392025,5,2,
2025-09-24,2025,Mixed,normal,normal,normal,normal,normal,normal,stress,-9.668082,4.267893,2.454957,-0.824617,6,2,
2025-09-25,2025,Mixed,normal,normal,normal,normal,normal,normal,stress,-13.616012,4.267893,2.60984,-4.37047,7,3,
2025-09-26,2025,Mixed,normal,normal,normal,normal,normal,normal,stress,,4.267893,2.60984,,,3,
2025-09-27,2025,Mixed,normal,normal,normal,normal,normal,normal,stress,,4.267893,2.60984,,,3,
2025-09-28,2025,Mixed,normal,normal,normal,normal,normal,normal,stress,,4.267893,2.60984,,,3,
2025-09-29,2025,Mixed,normal,normal,normal,normal,normal,normal,stress,,4.267893,2.60984,,,3,
2025-09-30,2025,Mixed,normal,normal,normal,normal,normal,normal,stress,,4.267893,2.60984,,,3,
2025-10-01,2025,Mixed,normal,normal,normal,normal,normal,normal,stress,,4.267893,2.60984,,,3,
2025-10-02,2025,Mixed,normal,normal,normal,normal,normal,normal,stress,,4.267893,2.60984,,,3,
2025-10-03,2025,Mixed,normal,normal,normal,normal,normal,normal,stress,-4.003585,4.267893,2.60984,,8,3,
2025-10-04,2025,Mixed,normal,normal,normal,normal,normal,normal,stress,-3.141211,3.90063,2.539884,0.898339,9,2,
2025-10-05,2025,Mixed,normal,normal,normal,normal,normal,normal,stress,-2.925123,3.90063,2.463115,0.223096,10,2,
2025-10-06,2025,Mixed,normal,normal,normal,normal,normal,normal,stress,-0.796805,3.51069,2.44772,2.19245,11,2,
2025-10-07,2025,Mixed,normal,normal,normal,normal,normal,normal,normal,0,3.51069,2.38975,1.147859,0,1,
2025-10-08,2025,Mixed,normal,normal,normal,normal,normal,normal,stress,-2.64152,3.51069,2.4056,-2.64152,1,2,
2025-10-09,2025,Mixed,normal,normal,normal,normal,normal,normal,stress,-5.861204,3.592442,2.468985,-3.307041,2,3,
2025-10-10,2025,Mixed,normal,normal,normal,normal,normal,normal,stress,-6.840379,3.891927,2.40729,-1.040139,3,2,
2025-10-11,2025,Mixed,normal,normal,normal,normal,normal,normal,crisis,-17.011647,3.891927,3.549598,-10.918109,4,3,
2025-10-12,2025,Mixed,normal,normal,normal,normal,normal,normal,stress,-17.382927,5.162047,3.443208,-0.447387,5,3,
2025-10-13,2025,Mixed,normal,normal,normal,normal,normal,normal,stress,-9.884037,5.162047,4.010924,9.076683,6,3,
2025-10-14,2025,Mixed,normal,normal,normal,normal,normal,normal,stress,-14.418629,5.162047,4.079398,-5.031952,7,4,
2025-10-15,2025,Mixed,normal,normal,normal,normal,normal,normal,stress,-11.914225,5.459714,4.019553,2.926343,8,3,
2025-10-16,2025,Mixed,normal,normal,normal,normal,normal,normal,stress,-12.778599,5.459714,3.904507,-0.981287,9,2,
2025-10-17,2025,Mixed,watch,watch,watch,normal,normal,watch,stress,-20.166581,5.459714,4.316863,-8.470377,10,3,damage_watch_context
2025-10-18,2025,Mixed,normal,normal,normal,normal,watch,normal,stress,-18.348639,7.273073,4.222359,2.277168,11,2,
2025-10-19,2025,Mixed,normal,normal,normal,normal,watch,normal,stress,-16.97273,7.273073,4.114485,1.685102,12,2,
2025-10-20,2025,Mixed,normal,normal,normal,normal,watch,normal,stress,-16.056517,7.273073,3.998289,1.103509,13,2,
2025-10-21,2025,Mixed,watch,watch,normal,watch,watch,normal,normal,-17.27397,7.273073,3.892729,-1.450325,14,1,damage_watch_context
2025-10-22,2025,Mixed,watch,watch,normal,watch,watch,normal,normal,-16.894671,7.273073,3.775812,0.4585,15,1,damage_watch_context
2025-10-23,2025,Mixed,watch,watch,normal,watch,watch,normal,normal,-16.742474,7.273073,3.66106,0.183138,16,1,damage_watch_context
2025-10-24,2025,Mixed,watch,watch,normal,watch,watch,normal,normal,-16.014918,7.273073,3.555978,0.873862,17,0,damage_watch_context
2025-10-25,2025,Mixed,watch,watch,normal,watch,watch,normal,normal,-15.53684,7.273073,3.450467,0.569242,18,0,damage_watch_context
2025-10-26,2025,Mixed,watch,watch,normal,watch,watch,normal,normal,-13.57688,7.273073,3.393296,2.320491,19,0,damage_watch_context
2025-10-27,2025,Mixed,watch,watch,normal,watch,watch,normal,normal,-11.877008,7.273073,3.325014,1.966918,20,0,damage_watch_context
2025-10-28,2025,Mixed,stress,watch,normal,stress,watch,normal,normal,-11.976767,7.273073,3.22384,-0.113204,21,0,damage_watch_context
2025-10-29,2025,Mixed,stress,watch,normal,stress,watch,normal,watch,-14.046334,7.273073,3.178244,-2.35116,22,1,damage_watch_context
2025-10-30,2025,Mixed,stress,watch,normal,stress,watch,normal,stress,-18.202751,7.273073,3.301237,-4.835648,23,2,damage_watch_context
2025-10-31,2025,Mixed,stress,watch,normal,stress,watch,normal,stress,,7.273073,3.301237,,,2,damage_watch_context
2025-11-01,2025,Mixed,stress,watch,normal,stress,watch,normal,stress,,7.273073,3.301237,,,2,damage_watch_context
2025-11-02,2025,Mixed,stress,watch,normal,stress,watch,normal,stress,,7.273073,3.301237,,,2,damage_watch_context
2025-11-03,2025,Mixed,stress,watch,normal,stress,watch,normal,stress,,7.273073,3.301237,,,2,damage_watch_context
2025-11-04,2025,Mixed,stress,watch,normal,stress,watch,normal,stress,,7.273073,3.301237,,,2,damage_watch_context
2025-11-05,2025,Mixed,stress,watch,normal,stress,watch,normal,stress,,7.273073,3.301237,,,2,damage_watch_context
2025-11-06,2025,Mixed,stress,watch,normal,stress,watch,normal,stress,,7.273073,3.301237,,,2,damage_watch_context
2025-11-07,2025,Mixed,stress,stress,watch,stress,watch,normal,stress,-29.897689,7.273073,3.301237,,24,2,drawdown_watch_plus_var_watch_plus_tail
2025-11-08,2025,Mixed,stress,stress,watch,stress,watch,normal,stress,-27.821472,6.923086,3.281856,2.961695,25,2,drawdown_watch_plus_var_watch_plus_tail
2025-11-09,2025,Mixed,stress,stress,watch,stress,watch,normal,stress,-26.824601,6.923086,3.199811,1.381118,26,2,drawdown_watch_plus_var_watch_plus_tail
2025-11-10,2025,Mixed,stress,stress,watch,stress,watch,normal,stress,-27.095832,6.923086,3.10366,-0.370658,27,2,drawdown_watch_plus_var_watch_plus_tail
2025-11-11,2025,Mixed,stress,stress,watch,stress,watch,normal,stress,-25.850301,6.923086,3.03807,1.70845,28,2,drawdown_watch_plus_var_watch_plus_tail
2025-11-12,2025,Mixed,stress,stress,watch,stress,watch,normal,stress,-26.193187,6.923086,2.947696,-0.462424,29,2,drawdown_watch_plus_var_watch_plus_tail
2025-11-13,2025,Mixed,stress,stress,watch,stress,watch,normal,normal,-25.872208,6.923086,2.859882,0.43489,30,1,drawdown_watch_plus_duration_plus_risk_signal
2025-11-14,2025,Mixed,stress,stress,watch,stress,watch,normal,stress,-32.654032,6.923086,3.565144,-9.148828,31,1,drawdown_watch_plus_duration_plus_risk_signal
2025-11-15,2025,Mixed,stress,stress,watch,stress,watch,normal,normal,-32.24074,8.843525,3.459802,0.613686,32,1,drawdown_watch_plus_duration_plus_risk_signal
2025-11-16,2025,Mixed,stress,stress,watch,stress,watch,normal,normal,-32.23105,8.843525,3.354405,0.014299,33,1,drawdown_watch_plus_duration_plus_risk_signal
2025-11-17,2025,Mixed,stress,stress,watch,stress,watch,normal,normal,-32.579824,8.843525,3.254658,-0.514651,34,1,drawdown_watch_plus_duration_plus_risk_signal
2025-11-18,2025,Mixed,stress,stress,watch,stress,watch,normal,stress,-33.956033,8.843525,3.194876,-2.041242,35,2,drawdown_watch_plus_var_watch_plus_tail
2025-11-19,2025,Mixed,stress,stress,watch,stress,watch,normal,stress,-33.46272,6.923086,3.102946,0.746946,36,2,drawdown_watch_plus_var_watch_plus_tail
2025-11-20,2025,Mixed,stress,stress,watch,stress,watch,normal,stress,-35.057133,6.923086,3.065143,-2.39627,37,3,drawdown_watch_plus_var_watch_plus_tail
2025-11-21,2025,Mixed,stress,stress,stress,stress,watch,normal,crisis,-42.116339,6.923086,3.990068,-10.869871,38,3,drawdown_stress
2025-11-22,2025,Mixed,stress,stress,stress,stress,watch,normal,stress,-41.759845,8.843525,3.871455,0.61588,39,3,drawdown_stress
2025-11-23,2025,Mixed,stress,stress,stress,stress,watch,normal,stress,-40.99116,8.843525,3.767412,1.319855,40,3,drawdown_stress
2025-11-24,2025,Mixed,stress,stress,stress,stress,watch,normal,stress,-40.517931,8.843525,3.65792,0.801963,41,3,drawdown_stress
2025-11-25,2025,Mixed,stress,stress,watch,stress,watch,normal,stress,-39.518628,7.207897,3.57028,1.680007,42,2,drawdown_watch_plus_var_watch_plus_tail
2025-11-26,2025,Mixed,stress,stress,watch,stress,watch,normal,stress,-39.110169,7.207897,3.465466,0.675346,43,2,drawdown_watch_plus_var_watch_plus_tail
2025-11-27,2025,Mixed,stress,stress,watch,stress,watch,normal,normal,-38.266671,7.207897,3.376985,1.385286,44,1,drawdown_watch_plus_duration_plus_risk_signal
2025-11-28,2025,Mixed,stress,watch,normal,stress,watch,normal,normal,,7.207897,3.376985,,,1,damage_watch_context
2025-11-29,2025,Mixed,stress,watch,normal,stress,watch,normal,normal,,7.207897,3.376985,,,1,damage_watch_context
2025-11-30,2025,Mixed,stress,watch,normal,stress,watch,normal,normal,,7.207897,3.376985,,,1,damage_watch_context
2025-12-01,2025,Mixed,stress,watch,normal,stress,watch,normal,normal,,7.207897,3.376985,,,1,damage_watch_context
2025-12-02,2025,Mixed,stress,watch,normal,stress,watch,normal,normal,,7.207897,3.376985,,,1,damage_watch_context
2025-12-03,2025,Mixed,stress,watch,normal,stress,watch,normal,normal,,7.207897,3.376985,,,1,damage_watch_context
2025-12-04,2025,Mixed,stress,watch,normal,stress,watch,normal,normal,,7.207897,3.376985,,,1,damage_watch_context
2025-12-05,2025,Mixed,stress,stress,watch,stress,watch,normal,normal,-33.277009,7.207897,3.376985,,45,1,drawdown_watch_plus_duration_plus_risk_signal
2025-12-06,2025,Mixed,stress,stress,watch,stress,watch,normal,normal,-34.185657,7.207897,3.291058,-1.361821,46,0,drawdown_watch_plus_duration_plus_risk_signal
2025-12-07,2025,Mixed,stress,stress,watch,stress,watch,normal,watch,-36.46989,7.207897,3.302113,-3.470722,47,1,drawdown_watch_plus_duration_plus_risk_signal
2025-12-08,2025,Mixed,stress,stress,watch,stress,watch,normal,normal,-32.814638,7.207897,3.497989,5.753574,48,1,drawdown_watch_plus_duration_plus_risk_signal
2025-12-09,2025,Mixed,stress,stress,watch,stress,watch,normal,normal,-32.604172,7.207897,3.392295,0.313261,49,1,drawdown_watch_plus_duration_plus_risk_signal
2025-12-10,2025,Mixed,stress,stress,watch,stress,watch,normal,normal,-29.355697,7.207897,3.494445,4.819995,50,1,drawdown_watch_plus_duration_plus_risk_signal
2025-12-11,2025,Mixed,stress,stress,watch,stress,watch,normal,stress,-31.621563,7.207897,3.477892,-3.207429,51,2,drawdown_watch_plus_var_watch_plus_tail
2025-12-12,2025,Mixed,stress,stress,watch,stress,watch,normal,stress,-31.037557,7.207897,3.378425,0.854079,52,2,drawdown_watch_plus_var_watch_plus_tail
2025-12-13,2025,Mixed,stress,stress,watch,stress,watch,normal,stress,-32.860066,7.207897,3.338859,-2.642756,53,3,drawdown_watch_plus_var_watch_plus_tail
2025-12-14,2025,Mixed,stress,stress,watch,stress,watch,normal,stress,-33.414226,7.207897,3.243451,-0.825381,54,2,drawdown_watch_plus_var_watch_plus_tail
2025-12-15,2025,Mixed,stress,stress,watch,stress,watch,normal,stress,-34.529236,7.207897,3.171281,-1.674546,55,2,drawdown_watch_plus_var_watch_plus_tail
2025-12-16,2025,Mixed,stress,stress,watch,stress,watch,normal,stress,-36.245732,6.59368,3.141023,-2.621775,56,3,drawdown_watch_plus_var_watch_plus_tail
2025-12-17,2025,Mixed,stress,stress,watch,stress,watch,normal,stress,-35.218642,6.59368,3.070795,1.611013,57,3,drawdown_watch_plus_var_watch_plus_tail
2025-12-18,2025,Mixed,stress,stress,watch,stress,watch,normal,stress,-36.027377,6.59368,2.99291,-1.248406,58,2,drawdown_watch_plus_var_watch_plus_tail
2025-12-19,2025,Mixed,stress,stress,watch,stress,watch,normal,stress,-36.620514,6.59368,2.910608,-0.927173,59,2,drawdown_watch_plus_var_watch_plus_tail
2025-12-20,2025,Mixed,stress,stress,watch,stress,watch,normal,normal,-36.308429,6.59368,2.824515,0.492407,60,1,drawdown_watch_plus_duration_plus_risk_signal
2025-12-21,2025,Mixed,stress,stress,watch,stress,watch,normal,normal,-36.330163,6.59368,2.738482,-0.034123,61,1,drawdown_watch_plus_duration_plus_risk_signal
2025-12-22,2025,Mixed,stress,stress,watch,stress,watch,normal,normal,-34.96924,6.59368,2.706188,2.137469,62,1,drawdown_watch_plus_duration_plus_risk_signal
2025-12-23,2025,Mixed,stress,stress,watch,stress,normal,normal,watch,-36.991605,3.35224,2.732091,-3.109859,63,1,drawdown_watch_plus_duration_plus_risk_signal
2025-12-24,2025,Mixed,stress,watch,watch,stress,normal,normal,normal,-36.73765,3.35224,2.650699,0.40305,64,1,damage_watch_context
2025-12-25,2025,Mixed,stress,watch,watch,stress,normal,normal,normal,-36.387285,3.35224,2.573526,0.553827,65,1,damage_watch_context
