run_name,startDate,endDate,underlying,underlyingPriceSource,optionSettlementPriceSource,entryHourUtc,entryMinuteUtc,maxEntryDelayMinutes,xOtm,strikeStep,strikeRange,tenor,fallbackMode,sizingMode,finalCapital,totalPnL,callWeeks,totalWeeks,observedOptionWeeks,theoreticalFallbackWeeks,syntheticOptionWeeks,missingObservedInstrumentWeeks,missingObservedCandleWeeks,invalidObservedOpenWeeks,settlementFallbackWeeks,initialBtcPrice,finalBtcPrice,runReturnPct,btcReturnPct,annualizedVolatilityOfWeeklyReturns,annualizedVolatilityOfWeeklyReturnsPct,path,createdAt
btc_2020-01-03_2020-12-31T08-00-00Z_otm03_step1000_longbtc_dyn_entry08h00_delay60m_deribitbtcusddeliveryprice_001,03/01/2020,2020-12-31T08:00:00Z,BTC-PERPETUAL,BTC-PERPETUAL,DERIBIT_BTC_USD_DELIVERY_PRICE,8,0,60,0.03,1000,3000,weekly,long_btc,dynamic,14719.242,7838.181001,51,51,38,13,13,13,0,0,0,7194,23678,113.9094829,229.1353906,0.524914828,52.4914828,btc_2020-01-03_2020-12-31T08-00-00Z_otm03_step1000_longbtc_dyn_entry08h00_delay60m_deribitbtcusddeliveryprice_001,2026-05-08T09:18:34.432Z
btc_2021-01-01_2021-12-31T08-00-00Z_otm03_step1000_longbtc_dyn_entry08h00_delay60m_deribitbtcusddeliveryprice_001,01/01/2021,2021-12-31T08:00:00Z,BTC-PERPETUAL,BTC-PERPETUAL,DERIBIT_BTC_USD_DELIVERY_PRICE,8,0,60,0.03,1000,3000,weekly,long_btc,dynamic,57540.09777,29395.91479,52,52,37,15,15,15,0,0,0,29186.5,47184,104.4475685,61.66378291,0.520115991,52.01159911,btc_2021-01-01_2021-12-31T08-00-00Z_otm03_step1000_longbtc_dyn_entry08h00_delay60m_deribitbtcusddeliveryprice_001,2026-05-08T09:23:54.499Z
btc_2022-01-07_2022-12-31T08-00-00Z_otm03_step1000_longbtc_dyn_entry08h00_delay60m_deribitbtcusddeliveryprice_001,07/01/2022,2022-12-31T08:00:00Z,BTC-PERPETUAL,BTC-PERPETUAL,DERIBIT_BTC_USD_DELIVERY_PRICE,8,0,60,0.03,1000,3000,weekly,long_btc,dynamic,33103.91012,-7603.097876,51,51,36,15,15,15,0,0,0,41708,16467.5,-18.67761412,-60.51716697,0.457747312,45.77473124,btc_2022-01-07_2022-12-31T08-00-00Z_otm03_step1000_longbtc_dyn_entry08h00_delay60m_deribitbtcusddeliveryprice_001,2026-05-08T09:28:24.200Z
btc_2023-01-06_2023-12-31T08-00-00Z_otm03_step1000_longbtc_dyn_entry08h00_delay60m_deribitbtcusddeliveryprice_001,06/01/2023,2023-12-31T08:00:00Z,BTC-PERPETUAL,BTC-PERPETUAL,DERIBIT_BTC_USD_DELIVERY_PRICE,8,0,60,0.03,1000,3000,weekly,long_btc,dynamic,27751.39406,11161.39856,51,51,37,14,14,14,0,0,0,16783,42343.5,67.27788784,152.2999464,0.280510528,28.05105278,btc_2023-01-06_2023-12-31T08-00-00Z_otm03_step1000_longbtc_dyn_entry08h00_delay60m_deribitbtcusddeliveryprice_001,2026-05-08T09:32:04.976Z
btc_2024-01-05_2024-12-31T08-00-00Z_otm03_step1000_longbtc_dyn_entry08h00_delay60m_deribitbtcusddeliveryprice_001,05/01/2024,2024-12-31T08:00:00Z,BTC-PERPETUAL,BTC-PERPETUAL,DERIBIT_BTC_USD_DELIVERY_PRICE,8,0,60,0.03,1000,3000,weekly,long_btc,dynamic,73152.45729,30839.61979,51,51,36,15,15,15,0,0,0,43847.5,95077,72.884783,116.8356235,0.297653885,29.76538853,btc_2024-01-05_2024-12-31T08-00-00Z_otm03_step1000_longbtc_dyn_entry08h00_delay60m_deribitbtcusddeliveryprice_001,2026-05-08T09:35:11.517Z
btc_2025-01-03_2025-12-31T08-00-00Z_otm03_step1000_longbtc_dyn_entry08h00_delay60m_deribitbtcusddeliveryprice_001,03/01/2025,2025-12-31T08:00:00Z,BTC-PERPETUAL,BTC-PERPETUAL,DERIBIT_BTC_USD_DELIVERY_PRICE,8,0,60,0.03,1000,3000,weekly,long_btc,dynamic,99000.89899,4396.956491,51,51,38,13,13,13,0,0,1,96289,88458,4.647751854,-8.132808524,0.347296053,34.72960531,btc_2025-01-03_2025-12-31T08-00-00Z_otm03_step1000_longbtc_dyn_entry08h00_delay60m_deribitbtcusddeliveryprice_001,2026-05-08T09:37:35.361Z
btc_2026-01-02_2026-05-08T08-00-00Z_otm03_step1000_longbtc_dyn_entry08h00_delay60m_deribitbtcusddeliveryprice_001,02/01/2026,2026-05-08T08:00:00Z,BTC-PERPETUAL,BTC-PERPETUAL,DERIBIT_BTC_USD_DELIVERY_PRICE,8,0,60,0.03,1000,3000,weekly,long_btc,dynamic,89499.12036,1433.282165,18,18,12,6,6,6,0,0,0,88798,79684,1.627512091,-10.26374468,0.450590844,45.05908437,btc_2026-01-02_2026-05-08T08-00-00Z_otm03_step1000_longbtc_dyn_entry08h00_delay60m_deribitbtcusddeliveryprice_001,2026-05-08T09:38:15.266Z
btc_2020-01-03_2020-12-31T08-00-00Z_otm05_step1000_longbtc_dyn_entry08h00_delay60m_deribitbtcusddeliveryprice_001,03/01/2020,2020-12-31T08:00:00Z,BTC-PERPETUAL,BTC-PERPETUAL,DERIBIT_BTC_USD_DELIVERY_PRICE,8,0,60,0.05,1000,3000,weekly,long_btc,dynamic,18001.36485,10828.94685,51,51,38,13,13,13,0,0,1,7194,23678,150.9804204,229.1353906,0.582019696,58.20196955,btc_2020-01-03_2020-12-31T08-00-00Z_otm05_step1000_longbtc_dyn_entry08h00_delay60m_deribitbtcusddeliveryprice_001,2026-05-08T09:47:23.969Z
btc_2021-01-01_2021-12-31T08-00-00Z_otm05_step1000_longbtc_dyn_entry08h00_delay60m_deribitbtcusddeliveryprice_001,01/01/2021,2021-12-31T08:00:00Z,BTC-PERPETUAL,BTC-PERPETUAL,DERIBIT_BTC_USD_DELIVERY_PRICE,8,0,60,0.05,1000,3000,weekly,long_btc,dynamic,59807.44517,31328.20051,52,52,37,15,15,15,0,0,0,29186.5,47184,110.0036215,61.66378291,0.554724483,55.47244833,btc_2021-01-01_2021-12-31T08-00-00Z_otm05_step1000_longbtc_dyn_entry08h00_delay60m_deribitbtcusddeliveryprice_001,2026-05-08T09:52:31.388Z
btc_2022-01-07_2022-12-31T08-00-00Z_otm05_step1000_longbtc_dyn_entry08h00_delay60m_deribitbtcusddeliveryprice_001,07/01/2022,2022-12-31T08:00:00Z,BTC-PERPETUAL,BTC-PERPETUAL,DERIBIT_BTC_USD_DELIVERY_PRICE,8,0,60,0.05,1000,3000,weekly,long_btc,dynamic,27187.48,-13832.338,51,51,36,15,15,15,0,0,0,41708,16467.5,-33.72111012,-60.51716697,0.487840173,48.78401734,btc_2022-01-07_2022-12-31T08-00-00Z_otm05_step1000_longbtc_dyn_entry08h00_delay60m_deribitbtcusddeliveryprice_001,2026-05-08T09:56:50.479Z
btc_2023-01-06_2023-12-31T08-00-00Z_otm05_step1000_longbtc_dyn_entry08h00_delay60m_deribitbtcusddeliveryprice_001,06/01/2023,2023-12-31T08:00:00Z,BTC-PERPETUAL,BTC-PERPETUAL,DERIBIT_BTC_USD_DELIVERY_PRICE,8,0,60,0.05,1000,3000,weekly,long_btc,dynamic,28624.3355,11866.51,51,51,37,14,14,14,0,0,0,16783,42343.5,70.81175302,152.2999464,0.311895628,31.18956278,btc_2023-01-06_2023-12-31T08-00-00Z_otm05_step1000_longbtc_dyn_entry08h00_delay60m_deribitbtcusddeliveryprice_001,2026-05-08T10:00:28.372Z
btc_2024-01-05_2024-12-31T08-00-00Z_otm05_step1000_longbtc_dyn_entry08h00_delay60m_deribitbtcusddeliveryprice_001,05/01/2024,2024-12-31T08:00:00Z,BTC-PERPETUAL,BTC-PERPETUAL,DERIBIT_BTC_USD_DELIVERY_PRICE,8,0,60,0.05,1000,3000,weekly,long_btc,dynamic,81558.4295,38872.88825,51,51,36,15,15,15,0,0,0,43847.5,95077,91.0680458,116.8356235,0.350120768,35.01207681,btc_2024-01-05_2024-12-31T08-00-00Z_otm05_step1000_longbtc_dyn_entry08h00_delay60m_deribitbtcusddeliveryprice_001,2026-05-08T10:03:29.469Z
btc_2025-01-03_2025-12-31T08-00-00Z_otm05_step1000_longbtc_dyn_entry08h00_delay60m_deribitbtcusddeliveryprice_001,03/01/2025,2025-12-31T08:00:00Z,BTC-PERPETUAL,BTC-PERPETUAL,DERIBIT_BTC_USD_DELIVERY_PRICE,8,0,60,0.05,1000,3000,weekly,long_btc,dynamic,96335.0414,1105.220396,51,51,38,13,13,13,0,0,0,96289,88458,1.160582247,-8.132808524,0.373764754,37.37647543,btc_2025-01-03_2025-12-31T08-00-00Z_otm05_step1000_longbtc_dyn_entry08h00_delay60m_deribitbtcusddeliveryprice_001,2026-05-08T10:05:47.413Z
btc_2026-01-02_2026-05-08T08-00-00Z_otm05_step1000_longbtc_dyn_entry08h00_delay60m_deribitbtcusddeliveryprice_001,02/01/2026,2026-05-08T08:00:00Z,BTC-PERPETUAL,BTC-PERPETUAL,DERIBIT_BTC_USD_DELIVERY_PRICE,8,0,60,0.05,1000,3000,weekly,long_btc,dynamic,89296.9197,812.5511817,18,18,12,6,6,6,0,0,0,88798,79684,0.918299125,-10.26374468,0.472927566,47.29275665,btc_2026-01-02_2026-05-08T08-00-00Z_otm05_step1000_longbtc_dyn_entry08h00_delay60m_deribitbtcusddeliveryprice_001,2026-05-08T10:06:27.025Z
btc_2020-01-03_2020-12-31T08-00-00Z_otm07_step1000_longbtc_dyn_entry08h00_delay60m_deribitbtcusddeliveryprice_001,03/01/2020,2020-12-31T08:00:00Z,BTC-PERPETUAL,BTC-PERPETUAL,DERIBIT_BTC_USD_DELIVERY_PRICE,8,0,60,0.07,1000,3000,weekly,long_btc,dynamic,16904.14981,9731.731812,51,51,38,13,13,13,0,0,0,7194,23678,135.6827197,229.1353906,0.592730159,59.2730159,btc_2020-01-03_2020-12-31T08-00-00Z_otm07_step1000_longbtc_dyn_entry08h00_delay60m_deribitbtcusddeliveryprice_001,2026-05-08T11:48:27.425Z
btc_2021-01-01_2021-12-31T08-00-00Z_otm07_step1000_longbtc_dyn_entry08h00_delay60m_deribitbtcusddeliveryprice_001,01/01/2021,2021-12-31T08:00:00Z,BTC-PERPETUAL,BTC-PERPETUAL,DERIBIT_BTC_USD_DELIVERY_PRICE,8,0,60,0.07,1000,3000,weekly,long_btc,dynamic,54279.38919,25800.14453,52,52,37,15,15,15,0,0,0,29186.5,47184,90.59279777,61.66378291,0.58514763,58.51476302,btc_2021-01-01_2021-12-31T08-00-00Z_otm07_step1000_longbtc_dyn_entry08h00_delay60m_deribitbtcusddeliveryprice_001,2026-05-08T11:53:32.997Z
btc_2022-01-07_2022-12-31T08-00-00Z_otm07_step1000_longbtc_dyn_entry08h00_delay60m_deribitbtcusddeliveryprice_001,07/01/2022,2022-12-31T08:00:00Z,BTC-PERPETUAL,BTC-PERPETUAL,DERIBIT_BTC_USD_DELIVERY_PRICE,8,0,60,0.07,1000,3000,weekly,long_btc,dynamic,25065.73968,-16204.32632,51,51,36,15,15,15,0,0,0,41708,16467.5,-39.26411535,-60.51716697,0.49892263,49.89226299,btc_2022-01-07_2022-12-31T08-00-00Z_otm07_step1000_longbtc_dyn_entry08h00_delay60m_deribitbtcusddeliveryprice_001,2026-05-08T11:57:53.591Z
btc_2023-01-06_2023-12-31T08-00-00Z_otm07_step1000_longbtc_dyn_entry08h00_delay60m_deribitbtcusddeliveryprice_001,06/01/2023,2023-12-31T08:00:00Z,BTC-PERPETUAL,BTC-PERPETUAL,DERIBIT_BTC_USD_DELIVERY_PRICE,8,0,60,0.07,1000,3000,weekly,long_btc,dynamic,28687.16582,11929.34032,51,51,37,14,14,14,0,0,0,16783,42343.5,71.18668422,152.2999464,0.339907143,33.99071429,btc_2023-01-06_2023-12-31T08-00-00Z_otm07_step1000_longbtc_dyn_entry08h00_delay60m_deribitbtcusddeliveryprice_001,2026-05-08T12:01:35.297Z
btc_2024-01-05_2024-12-31T08-00-00Z_otm07_step1000_longbtc_dyn_entry08h00_delay60m_deribitbtcusddeliveryprice_001,05/01/2024,2024-12-31T08:00:00Z,BTC-PERPETUAL,BTC-PERPETUAL,DERIBIT_BTC_USD_DELIVERY_PRICE,8,0,60,0.07,1000,3000,weekly,long_btc,dynamic,85783.76781,42835.14156,51,51,36,15,15,15,0,0,0,43847.5,95077,99.73576643,116.8356235,0.391169478,39.11694779,btc_2024-01-05_2024-12-31T08-00-00Z_otm07_step1000_longbtc_dyn_entry08h00_delay60m_deribitbtcusddeliveryprice_001,2026-05-08T12:04:30.186Z
btc_2025-01-03_2025-12-31T08-00-00Z_otm07_step1000_longbtc_dyn_entry08h00_delay60m_deribitbtcusddeliveryprice_001,03/01/2025,2025-12-31T08:00:00Z,BTC-PERPETUAL,BTC-PERPETUAL,DERIBIT_BTC_USD_DELIVERY_PRICE,8,0,60,0.07,1000,3000,weekly,long_btc,dynamic,96169.52214,554.5451423,51,51,38,13,13,13,0,0,0,96289,88458,0.579977279,-8.132808524,0.399939727,39.99397267,btc_2025-01-03_2025-12-31T08-00-00Z_otm07_step1000_longbtc_dyn_entry08h00_delay60m_deribitbtcusddeliveryprice_001,2026-05-08T12:06:49.426Z
btc_2026-01-02_2026-05-08T08-00-00Z_otm07_step1000_longbtc_dyn_entry08h00_delay60m_deribitbtcusddeliveryprice_001,02/01/2026,2026-05-08T08:00:00Z,BTC-PERPETUAL,BTC-PERPETUAL,DERIBIT_BTC_USD_DELIVERY_PRICE,8,0,60,0.07,1000,3000,weekly,long_btc,dynamic,86883.5553,-1798.710828,18,18,12,6,6,6,0,0,0,88798,79684,-2.028264395,-10.26374468,0.481770388,48.17703882,btc_2026-01-02_2026-05-08T08-00-00Z_otm07_step1000_longbtc_dyn_entry08h00_delay60m_deribitbtcusddeliveryprice_001,2026-05-08T12:07:29.849Z
btc_2020-01-03_2020-12-31T08-00-00Z_otm10_step1000_longbtc_dyn_entry08h00_delay60m_deribitbtcusddeliveryprice_001,03/01/2020,2020-12-31T08:00:00Z,BTC-PERPETUAL,BTC-PERPETUAL,DERIBIT_BTC_USD_DELIVERY_PRICE,8,0,60,0.1,1000,3000,weekly,long_btc,dynamic,20807.43438,13635.01638,51,51,38,13,13,13,0,0,1,7194,23678,190.1034823,229.1353906,0.649097161,64.90971614,btc_2020-01-03_2020-12-31T08-00-00Z_otm10_step1000_longbtc_dyn_entry08h00_delay60m_deribitbtcusddeliveryprice_001,2026-05-08T12:36:27.289Z
btc_2021-01-01_2021-12-31T08-00-00Z_otm10_step1000_longbtc_dyn_entry08h00_delay60m_deribitbtcusddeliveryprice_001,01/01/2021,2021-12-31T08:00:00Z,BTC-PERPETUAL,BTC-PERPETUAL,DERIBIT_BTC_USD_DELIVERY_PRICE,8,0,60,0.1,1000,3000,weekly,long_btc,dynamic,54519.81533,25796.99697,52,52,37,15,15,15,0,0,0,29186.5,47184,89.81359921,61.66378291,0.628314202,62.83142018,btc_2021-01-01_2021-12-31T08-00-00Z_otm10_step1000_longbtc_dyn_entry08h00_delay60m_deribitbtcusddeliveryprice_001,2026-05-08T12:41:36.412Z
btc_2022-01-07_2022-12-31T08-00-00Z_otm10_step1000_longbtc_dyn_entry08h00_delay60m_deribitbtcusddeliveryprice_001,07/01/2022,2022-12-31T08:00:00Z,BTC-PERPETUAL,BTC-PERPETUAL,DERIBIT_BTC_USD_DELIVERY_PRICE,8,0,60,0.1,1000,3000,weekly,long_btc,dynamic,22122.56538,-19272.62462,51,51,36,15,15,15,0,0,1,41708,16467.5,-46.55764261,-60.51716697,0.525361083,52.53610835,btc_2022-01-07_2022-12-31T08-00-00Z_otm10_step1000_longbtc_dyn_entry08h00_delay60m_deribitbtcusddeliveryprice_001,2026-05-08T12:46:49.819Z
btc_2023-01-06_2023-12-31T08-00-00Z_otm10_step1000_longbtc_dyn_entry08h00_delay60m_deribitbtcusddeliveryprice_001,06/01/2023,2023-12-31T08:00:00Z,BTC-PERPETUAL,BTC-PERPETUAL,DERIBIT_BTC_USD_DELIVERY_PRICE,8,0,60,0.1,1000,3000,weekly,long_btc,dynamic,34125.90083,17368.07533,51,51,37,14,14,14,0,0,0,16783,42343.5,103.6415812,152.2999464,0.403632956,40.36329563,btc_2023-01-06_2023-12-31T08-00-00Z_otm10_step1000_longbtc_dyn_entry08h00_delay60m_deribitbtcusddeliveryprice_001,2026-05-08T12:50:26.517Z
btc_2024-01-05_2024-12-31T08-00-00Z_otm10_step1000_longbtc_dyn_entry08h00_delay60m_deribitbtcusddeliveryprice_001,05/01/2024,2024-12-31T08:00:00Z,BTC-PERPETUAL,BTC-PERPETUAL,DERIBIT_BTC_USD_DELIVERY_PRICE,8,0,60,0.1,1000,3000,weekly,long_btc,dynamic,91859.52572,48691.66197,51,51,36,15,15,15,0,0,0,43847.5,95077,112.7960889,116.8356235,0.436884779,43.68847789,btc_2024-01-05_2024-12-31T08-00-00Z_otm10_step1000_longbtc_dyn_entry08h00_delay60m_deribitbtcusddeliveryprice_001,2026-05-08T12:53:29.434Z
btc_2025-01-03_2025-12-31T08-00-00Z_otm10_step1000_longbtc_dyn_entry08h00_delay60m_deribitbtcusddeliveryprice_001,03/01/2025,2025-12-31T08:00:00Z,BTC-PERPETUAL,BTC-PERPETUAL,DERIBIT_BTC_USD_DELIVERY_PRICE,8,0,60,0.1,1000,3000,weekly,long_btc,dynamic,97518.83774,1557.220337,51,51,38,13,13,13,0,0,0,96289,88458,1.622753325,-8.132808524,0.428045266,42.8045266,btc_2025-01-03_2025-12-31T08-00-00Z_otm10_step1000_longbtc_dyn_entry08h00_delay60m_deribitbtcusddeliveryprice_001,2026-05-08T12:55:50.049Z
btc_2026-01-02_2026-05-08T08-00-00Z_otm10_step1000_longbtc_dyn_entry08h00_delay60m_deribitbtcusddeliveryprice_001,02/01/2026,2026-05-08T08:00:00Z,BTC-PERPETUAL,BTC-PERPETUAL,DERIBIT_BTC_USD_DELIVERY_PRICE,8,0,60,0.1,1000,3000,weekly,long_btc,dynamic,82823.69877,-5954.753831,18,18,12,6,6,6,0,0,1,88798,79684,-6.707431428,-10.26374468,0.480460535,48.04605354,btc_2026-01-02_2026-05-08T08-00-00Z_otm10_step1000_longbtc_dyn_entry08h00_delay60m_deribitbtcusddeliveryprice_001,2026-05-08T12:56:30.326Z
btc_2020-01-03_2020-12-31T08-00-00Z_atm00_step1000_longbtc_dyn_entry08h00_delay60m_deribitbtcusddeliveryprice_001,03/01/2020,2020-12-31T08:00:00Z,BTC-PERPETUAL,BTC-PERPETUAL,DERIBIT_BTC_USD_DELIVERY_PRICE,8,0,60,0,1000,3000,weekly,long_btc,dynamic,10908.39238,4027.331378,51,51,38,13,13,13,0,0,0,7194,23678,58.52776742,229.1353906,0.480275497,48.02754967,btc_2020-01-03_2020-12-31T08-00-00Z_atm00_step1000_longbtc_dyn_entry08h00_delay60m_deribitbtcusddeliveryprice_001,2026-05-08T14:10:24.895Z
btc_2021-01-01_2021-12-31T08-00-00Z_atm00_step1000_longbtc_dyn_entry08h00_delay60m_deribitbtcusddeliveryprice_001,01/01/2021,2021-12-31T08:00:00Z,BTC-PERPETUAL,BTC-PERPETUAL,DERIBIT_BTC_USD_DELIVERY_PRICE,8,0,60,0,1000,3000,weekly,long_btc,dynamic,55268.47528,27565.38147,52,52,37,15,15,15,0,0,1,29186.5,47184,99.50289905,61.66378291,0.45741237,45.74123699,btc_2021-01-01_2021-12-31T08-00-00Z_atm00_step1000_longbtc_dyn_entry08h00_delay60m_deribitbtcusddeliveryprice_001,2026-05-08T14:15:33.252Z
btc_2022-01-07_2022-12-31T08-00-00Z_atm00_step1000_longbtc_dyn_entry08h00_delay60m_deribitbtcusddeliveryprice_001,07/01/2022,2022-12-31T08:00:00Z,BTC-PERPETUAL,BTC-PERPETUAL,DERIBIT_BTC_USD_DELIVERY_PRICE,8,0,60,0,1000,3000,weekly,long_btc,dynamic,36043.77369,-4246.154315,51,51,36,15,15,15,0,0,0,41708,16467.5,-10.53899703,-60.51716697,0.407613998,40.76139977,btc_2022-01-07_2022-12-31T08-00-00Z_atm00_step1000_longbtc_dyn_entry08h00_delay60m_deribitbtcusddeliveryprice_001,2026-05-08T14:19:59.976Z
btc_2023-01-06_2023-12-31T08-00-00Z_atm00_step1000_longbtc_dyn_entry08h00_delay60m_deribitbtcusddeliveryprice_001,06/01/2023,2023-12-31T08:00:00Z,BTC-PERPETUAL,BTC-PERPETUAL,DERIBIT_BTC_USD_DELIVERY_PRICE,8,0,60,0,1000,3000,weekly,long_btc,dynamic,26157.01713,9567.021628,51,51,37,14,14,14,0,0,0,16783,42343.5,57.66741545,152.2999464,0.202513153,20.25131532,btc_2023-01-06_2023-12-31T08-00-00Z_atm00_step1000_longbtc_dyn_entry08h00_delay60m_deribitbtcusddeliveryprice_001,2026-05-08T14:23:43.026Z
btc_2024-01-05_2024-12-31T08-00-00Z_atm00_step1000_longbtc_dyn_entry08h00_delay60m_deribitbtcusddeliveryprice_001,05/01/2024,2024-12-31T08:00:00Z,BTC-PERPETUAL,BTC-PERPETUAL,DERIBIT_BTC_USD_DELIVERY_PRICE,8,0,60,0,1000,3000,weekly,long_btc,dynamic,63103.34701,21228.98451,51,51,36,15,15,15,0,0,0,43847.5,95077,50.69685421,116.8356235,0.216298116,21.62981164,btc_2024-01-05_2024-12-31T08-00-00Z_atm00_step1000_longbtc_dyn_entry08h00_delay60m_deribitbtcusddeliveryprice_001,2026-05-08T14:26:43.270Z
btc_2025-01-03_2025-12-31T08-00-00Z_atm00_step1000_longbtc_dyn_entry08h00_delay60m_deribitbtcusddeliveryprice_001,03/01/2025,2025-12-31T08:00:00Z,BTC-PERPETUAL,BTC-PERPETUAL,DERIBIT_BTC_USD_DELIVERY_PRICE,8,0,60,0,1000,3000,weekly,long_btc,dynamic,99992.88185,6592.551846,51,51,38,13,13,13,0,0,0,96289,88458,7.058381748,-8.132808524,0.292029428,29.20294284,btc_2025-01-03_2025-12-31T08-00-00Z_atm00_step1000_longbtc_dyn_entry08h00_delay60m_deribitbtcusddeliveryprice_001,2026-05-08T14:29:07.250Z
btc_2026-01-02_2026-05-08T08-00-00Z_atm00_step1000_longbtc_dyn_entry08h00_delay60m_deribitbtcusddeliveryprice_001,02/01/2026,2026-05-08T08:00:00Z,BTC-PERPETUAL,BTC-PERPETUAL,DERIBIT_BTC_USD_DELIVERY_PRICE,8,0,60,0,1000,3000,weekly,long_btc,dynamic,85822.31251,-1494.788077,18,18,12,6,6,6,0,0,0,88798,79684,-1.711907595,-10.26374468,0.399646598,39.96465977,btc_2026-01-02_2026-05-08T08-00-00Z_atm00_step1000_longbtc_dyn_entry08h00_delay60m_deribitbtcusddeliveryprice_001,2026-05-08T14:29:46.459Z
btc_2020-01-03_2020-12-31T08-00-00Z_itm05_step1000_longbtc_dyn_entry08h00_delay60m_deribitbtcusddeliveryprice_001,03/01/2020,2020-12-31T08:00:00Z,BTC-PERPETUAL,BTC-PERPETUAL,DERIBIT_BTC_USD_DELIVERY_PRICE,8,0,60,-0.05,1000,3000,weekly,long_btc,dynamic,8724.259045,1843.198045,51,51,38,13,13,13,0,0,1,7194,23678,26.78653837,229.1353906,0.426493603,42.64936033,btc_2020-01-03_2020-12-31T08-00-00Z_itm05_step1000_longbtc_dyn_entry08h00_delay60m_deribitbtcusddeliveryprice_001,2026-05-08T14:42:12.970Z
btc_2021-01-01_2021-12-31T08-00-00Z_itm05_step1000_longbtc_dyn_entry08h00_delay60m_deribitbtcusddeliveryprice_001,01/01/2021,2021-12-31T08:00:00Z,BTC-PERPETUAL,BTC-PERPETUAL,DERIBIT_BTC_USD_DELIVERY_PRICE,8,0,60,-0.05,1000,3000,weekly,long_btc,dynamic,57245.75728,30097.93125,52,52,37,15,15,15,0,0,0,29186.5,47184,110.8668194,61.66378291,0.363152434,36.31524336,btc_2021-01-01_2021-12-31T08-00-00Z_itm05_step1000_longbtc_dyn_entry08h00_delay60m_deribitbtcusddeliveryprice_001,2026-05-08T14:47:22.417Z
btc_2022-01-07_2022-12-31T08-00-00Z_itm05_step1000_longbtc_dyn_entry08h00_delay60m_deribitbtcusddeliveryprice_001,07/01/2022,2022-12-31T08:00:00Z,BTC-PERPETUAL,BTC-PERPETUAL,DERIBIT_BTC_USD_DELIVERY_PRICE,8,0,60,-0.05,1000,3000,weekly,long_btc,dynamic,43286.23132,4184.981318,51,51,36,15,15,15,0,0,1,41708,16467.5,10.70293486,-60.51716697,0.332391421,33.23914212,btc_2022-01-07_2022-12-31T08-00-00Z_itm05_step1000_longbtc_dyn_entry08h00_delay60m_deribitbtcusddeliveryprice_001,2026-05-08T14:51:45.200Z
btc_2023-01-06_2023-12-31T08-00-00Z_itm05_step1000_longbtc_dyn_entry08h00_delay60m_deribitbtcusddeliveryprice_001,06/01/2023,2023-12-31T08:00:00Z,BTC-PERPETUAL,BTC-PERPETUAL,DERIBIT_BTC_USD_DELIVERY_PRICE,8,0,60,-0.05,1000,3000,weekly,long_btc,dynamic,19419.09525,3508.811245,51,51,37,14,14,14,0,0,0,16783,42343.5,22.05373107,152.2999464,0.125940409,12.59404089,btc_2023-01-06_2023-12-31T08-00-00Z_itm05_step1000_longbtc_dyn_entry08h00_delay60m_deribitbtcusddeliveryprice_001,2026-05-08T14:55:32.147Z
btc_2024-01-05_2024-12-31T08-00-00Z_itm05_step1000_longbtc_dyn_entry08h00_delay60m_deribitbtcusddeliveryprice_001,05/01/2024,2024-12-31T08:00:00Z,BTC-PERPETUAL,BTC-PERPETUAL,DERIBIT_BTC_USD_DELIVERY_PRICE,8,0,60,-0.05,1000,3000,weekly,long_btc,dynamic,56878.79284,16100.61784,51,51,36,15,15,15,0,0,0,43847.5,95077,39.48341935,116.8356235,0.08824314,8.824314044,btc_2024-01-05_2024-12-31T08-00-00Z_itm05_step1000_longbtc_dyn_entry08h00_delay60m_deribitbtcusddeliveryprice_001,2026-05-08T14:58:34.043Z
btc_2025-01-03_2025-12-31T08-00-00Z_itm05_step1000_longbtc_dyn_entry08h00_delay60m_deribitbtcusddeliveryprice_001,03/01/2025,2025-12-31T08:00:00Z,BTC-PERPETUAL,BTC-PERPETUAL,DERIBIT_BTC_USD_DELIVERY_PRICE,8,0,60,-0.05,1000,3000,weekly,long_btc,dynamic,81438.59399,-7339.864012,51,51,38,13,13,13,0,0,0,96289,88458,-8.267618268,-8.132808524,0.186795935,18.67959347,btc_2025-01-03_2025-12-31T08-00-00Z_itm05_step1000_longbtc_dyn_entry08h00_delay60m_deribitbtcusddeliveryprice_001,2026-05-08T15:00:56.955Z
btc_2026-01-02_2026-05-08T08-00-00Z_itm05_step1000_longbtc_dyn_entry08h00_delay60m_deribitbtcusddeliveryprice_001,02/01/2026,2026-05-08T08:00:00Z,BTC-PERPETUAL,BTC-PERPETUAL,DERIBIT_BTC_USD_DELIVERY_PRICE,8,0,60,-0.05,1000,3000,weekly,long_btc,dynamic,85293.95872,1489.837699,18,18,12,6,6,6,0,0,0,88798,79684,1.777761858,-10.26374468,0.315849444,31.5849444,btc_2026-01-02_2026-05-08T08-00-00Z_itm05_step1000_longbtc_dyn_entry08h00_delay60m_deribitbtcusddeliveryprice_001,2026-05-08T15:01:37.714Z
btc_2025-10-03_2025-11-28_x05_step1000_longbtc_dyn_entry08h00_delay60m_deribitbtcusddeliveryprice_t14d_001,03/10/2025,28/11/2025,BTC-PERPETUAL,BTC-PERPETUAL,DERIBIT_BTC_USD_DELIVERY_PRICE,8,0,60,0.05,1000,3000,14d,long_btc,dynamic,95189.30016,-23460.71384,4,4,4,0,0,0,0,0,0,119788,90947,-19.77303925,-24.07670217,0.541115426,54.11154261,btc_2025-10-03_2025-11-28_x05_step1000_longbtc_dyn_entry08h00_delay60m_deribitbtcusddeliveryprice_t14d_001,2026-05-15T14:31:12.183Z
btc_2026-01-02_2026-05-15T08-00-00Z_x05_step1000_longbtc_dyn_entry08h00_delay60m_deribitbtcusddeliveryprice_t14d_001,02/01/2026,2026-05-15T08:00:00Z,BTC-PERPETUAL,BTC-PERPETUAL,DERIBIT_BTC_USD_DELIVERY_PRICE,8,0,60,0.05,1000,3000,14d,long_btc,dynamic,85861.17009,-1871.253914,9,9,8,1,1,1,0,0,0,88798,79684,-2.132910307,-10.26374468,0.682567547,68.25675468,btc_2026-01-02_2026-05-15T08-00-00Z_x05_step1000_longbtc_dyn_entry08h00_delay60m_deribitbtcusddeliveryprice_t14d_001,2026-05-15T15:03:37.731Z
btc_2020-01-03_2020-12-31T08-00-00Z_x05_step1000_longbtc_dyn_entry08h00_delay60m_deribitbtcusddeliveryprice_t14d_001,03/01/2020,2020-12-31T08:00:00Z,BTC-PERPETUAL,BTC-PERPETUAL,DERIBIT_BTC_USD_DELIVERY_PRICE,8,0,60,0.05,1000,3000,14d,long_btc,dynamic,15244.80502,8108.357022,25,25,19,6,6,6,0,0,0,7194,23113.5,113.6189463,221.2885738,0.769438078,76.94380775,btc_2020-01-03_2020-12-31T08-00-00Z_x05_step1000_longbtc_dyn_entry08h00_delay60m_deribitbtcusddeliveryprice_t14d_001,2026-05-15T15:16:15.981Z
btc_2021-01-01_2021-12-31T08-00-00Z_x05_step1000_longbtc_dyn_entry08h00_delay60m_deribitbtcusddeliveryprice_t14d_001,01/01/2021,2021-12-31T08:00:00Z,BTC-PERPETUAL,BTC-PERPETUAL,DERIBIT_BTC_USD_DELIVERY_PRICE,8,0,60,0.05,1000,3000,14d,long_btc,dynamic,44016.18166,16084.70116,26,26,19,7,7,7,0,0,0,29186.5,47184,57.58628211,61.66378291,0.686037337,68.60373371,btc_2021-01-01_2021-12-31T08-00-00Z_x05_step1000_longbtc_dyn_entry08h00_delay60m_deribitbtcusddeliveryprice_t14d_001,2026-05-15T15:18:53.709Z
btc_2022-01-07_2022-12-31T08-00-00Z_x05_step1000_longbtc_dyn_entry08h00_delay60m_deribitbtcusddeliveryprice_t14d_001,07/01/2022,2022-12-31T08:00:00Z,BTC-PERPETUAL,BTC-PERPETUAL,DERIBIT_BTC_USD_DELIVERY_PRICE,8,0,60,0.05,1000,3000,14d,long_btc,dynamic,32134.76302,-8301.142979,25,25,18,7,7,7,0,0,0,41708,16846,-20.52913809,-59.60966721,0.670156549,67.01565493,btc_2022-01-07_2022-12-31T08-00-00Z_x05_step1000_longbtc_dyn_entry08h00_delay60m_deribitbtcusddeliveryprice_t14d_001,2026-05-15T15:21:05.914Z
btc_2023-01-06_2023-12-31T08-00-00Z_x05_step1000_longbtc_dyn_entry08h00_delay60m_deribitbtcusddeliveryprice_t14d_001,06/01/2023,2023-12-31T08:00:00Z,BTC-PERPETUAL,BTC-PERPETUAL,DERIBIT_BTC_USD_DELIVERY_PRICE,8,0,60,0.05,1000,3000,14d,long_btc,dynamic,25981.60569,9282.520685,23,23,17,6,6,6,0,0,0,16783,43615.5,55.58700183,159.8790443,0.342089794,34.20897936,btc_2023-01-06_2023-12-31T08-00-00Z_x05_step1000_longbtc_dyn_entry08h00_delay60m_deribitbtcusddeliveryprice_t14d_001,2026-05-15T15:22:46.431Z
btc_2024-01-05_2024-12-31T08-00-00Z_x05_step1000_longbtc_dyn_entry08h00_delay60m_deribitbtcusddeliveryprice_t14d_001,05/01/2024,2024-12-31T08:00:00Z,BTC-PERPETUAL,BTC-PERPETUAL,DERIBIT_BTC_USD_DELIVERY_PRICE,8,0,60,0.05,1000,3000,14d,long_btc,dynamic,70064.63924,27905.26799,25,25,18,7,7,7,0,0,0,43847.5,97672,66.18995294,122.7538628,0.437315893,43.73158928,btc_2024-01-05_2024-12-31T08-00-00Z_x05_step1000_longbtc_dyn_entry08h00_delay60m_deribitbtcusddeliveryprice_t14d_001,2026-05-15T15:24:16.443Z
btc_2025-01-03_2025-12-31T08-00-00Z_x05_step1000_longbtc_dyn_entry08h00_delay60m_deribitbtcusddeliveryprice_t14d_001,03/01/2025,2025-12-31T08:00:00Z,BTC-PERPETUAL,BTC-PERPETUAL,DERIBIT_BTC_USD_DELIVERY_PRICE,8,0,60,0.05,1000,3000,14d,long_btc,dynamic,94356.23753,474.4625327,25,25,19,6,6,6,0,0,0,96289,87926,0.505383002,-8.685311926,0.520955107,52.09551068,btc_2025-01-03_2025-12-31T08-00-00Z_x05_step1000_longbtc_dyn_entry08h00_delay60m_deribitbtcusddeliveryprice_t14d_001,2026-05-15T15:25:26.192Z
btc_2020-01-03_2020-12-31T08-00-00Z_x03_step1000_longbtc_dyn_entry08h00_delay60m_deribitbtcusddeliveryprice_t14d_001,03/01/2020,2020-12-31T08:00:00Z,BTC-PERPETUAL,BTC-PERPETUAL,DERIBIT_BTC_USD_DELIVERY_PRICE,8,0,60,0.03,1000,3000,14d,long_btc,dynamic,10260.24493,3487.093933,25,25,19,6,6,6,0,0,1,7194,23113.5,51.48407193,221.2885738,0.667217671,66.72176708,btc_2020-01-03_2020-12-31T08-00-00Z_x03_step1000_longbtc_dyn_entry08h00_delay60m_deribitbtcusddeliveryprice_t14d_001,2026-05-15T17:23:39.844Z
btc_2021-01-01_2021-12-31T08-00-00Z_x03_step1000_longbtc_dyn_entry08h00_delay60m_deribitbtcusddeliveryprice_t14d_001,01/01/2021,2021-12-31T08:00:00Z,BTC-PERPETUAL,BTC-PERPETUAL,DERIBIT_BTC_USD_DELIVERY_PRICE,8,0,60,0.03,1000,3000,14d,long_btc,dynamic,44504.0105,16995.73425,26,26,19,7,7,7,0,0,0,29186.5,47184,61.78407581,61.66378291,0.638221834,63.82218339,btc_2021-01-01_2021-12-31T08-00-00Z_x03_step1000_longbtc_dyn_entry08h00_delay60m_deribitbtcusddeliveryprice_t14d_001,2026-05-15T17:26:16.683Z
btc_2022-01-07_2022-12-31T08-00-00Z_x03_step1000_longbtc_dyn_entry08h00_delay60m_deribitbtcusddeliveryprice_t14d_001,07/01/2022,2022-12-31T08:00:00Z,BTC-PERPETUAL,BTC-PERPETUAL,DERIBIT_BTC_USD_DELIVERY_PRICE,8,0,60,0.03,1000,3000,14d,long_btc,dynamic,34633.36874,-5302.041257,25,25,18,7,7,7,0,0,0,41708,16846,-13.27654144,-59.60966721,0.641878916,64.18789156,btc_2022-01-07_2022-12-31T08-00-00Z_x03_step1000_longbtc_dyn_entry08h00_delay60m_deribitbtcusddeliveryprice_t14d_001,2026-05-15T17:28:25.410Z
btc_2023-01-06_2023-12-31T08-00-00Z_x03_step1000_longbtc_dyn_entry08h00_delay60m_deribitbtcusddeliveryprice_t14d_001,06/01/2023,2023-12-31T08:00:00Z,BTC-PERPETUAL,BTC-PERPETUAL,DERIBIT_BTC_USD_DELIVERY_PRICE,8,0,60,0.03,1000,3000,14d,long_btc,dynamic,29142.84353,12678.72053,25,25,18,7,7,7,0,0,0,16783,43615.5,77.00817428,159.8790443,0.297353975,29.73539755,btc_2023-01-06_2023-12-31T08-00-00Z_x03_step1000_longbtc_dyn_entry08h00_delay60m_deribitbtcusddeliveryprice_t14d_001,2026-05-15T17:30:14.103Z
btc_2024-01-05_2024-12-31T08-00-00Z_x03_step1000_longbtc_dyn_entry08h00_delay60m_deribitbtcusddeliveryprice_t14d_001,05/01/2024,2024-12-31T08:00:00Z,BTC-PERPETUAL,BTC-PERPETUAL,DERIBIT_BTC_USD_DELIVERY_PRICE,8,0,60,0.03,1000,3000,14d,long_btc,dynamic,65731.19518,23878.75643,25,25,18,7,7,7,0,0,0,43847.5,97672,57.05463563,122.7538628,0.386311873,38.63118728,btc_2024-01-05_2024-12-31T08-00-00Z_x03_step1000_longbtc_dyn_entry08h00_delay60m_deribitbtcusddeliveryprice_t14d_001,2026-05-15T17:31:43.493Z
btc_2025-01-03_2025-12-31T08-00-00Z_x03_step1000_longbtc_dyn_entry08h00_delay60m_deribitbtcusddeliveryprice_t14d_001,03/01/2025,2025-12-31T08:00:00Z,BTC-PERPETUAL,BTC-PERPETUAL,DERIBIT_BTC_USD_DELIVERY_PRICE,8,0,60,0.03,1000,3000,14d,long_btc,dynamic,92753.53017,-406.0773322,25,25,19,6,6,6,0,0,0,96289,87926,-0.435894207,-8.685311926,0.480647651,48.06476508,btc_2025-01-03_2025-12-31T08-00-00Z_x03_step1000_longbtc_dyn_entry08h00_delay60m_deribitbtcusddeliveryprice_t14d_001,2026-05-15T17:32:53.067Z
btc_2026-01-02_2026-05-15T08-00-00Z_x03_step1000_longbtc_dyn_entry08h00_delay60m_deribitbtcusddeliveryprice_t14d_001,02/01/2026,2026-05-15T08:00:00Z,BTC-PERPETUAL,BTC-PERPETUAL,DERIBIT_BTC_USD_DELIVERY_PRICE,8,0,60,0.03,1000,3000,14d,long_btc,dynamic,83436.4351,-3496.806903,9,9,8,1,1,1,0,0,0,88798,79684,-4.022404805,-10.26374468,0.643273773,64.32737727,btc_2026-01-02_2026-05-15T08-00-00Z_x03_step1000_longbtc_dyn_entry08h00_delay60m_deribitbtcusddeliveryprice_t14d_001,2026-05-15T17:33:13.271Z
btc_2020-01-03_2020-12-31T08-00-00Z_x00_step1000_longbtc_dyn_entry08h00_delay60m_deribitbtcusddeliveryprice_t14d_001,03/01/2020,2020-12-31T08:00:00Z,BTC-PERPETUAL,BTC-PERPETUAL,DERIBIT_BTC_USD_DELIVERY_PRICE,8,0,60,0,1000,3000,14d,long_btc,dynamic,9101.274285,2328.123285,25,25,19,6,6,6,0,0,1,7194,23113.5,34.37282418,221.2885738,0.643254125,64.32541249,btc_2020-01-03_2020-12-31T08-00-00Z_x00_step1000_longbtc_dyn_entry08h00_delay60m_deribitbtcusddeliveryprice_t14d_001,2026-05-15T17:50:49.459Z
btc_2021-01-01_2021-12-31T08-00-00Z_x00_step1000_longbtc_dyn_entry08h00_delay60m_deribitbtcusddeliveryprice_t14d_001,01/01/2021,2021-12-31T08:00:00Z,BTC-PERPETUAL,BTC-PERPETUAL,DERIBIT_BTC_USD_DELIVERY_PRICE,8,0,60,0,1000,3000,14d,long_btc,dynamic,46093.7998,18833.6088,26,26,19,7,7,7,0,0,0,29186.5,47184,69.08832298,61.66378291,0.567498713,56.74987132,btc_2021-01-01_2021-12-31T08-00-00Z_x00_step1000_longbtc_dyn_entry08h00_delay60m_deribitbtcusddeliveryprice_t14d_001,2026-05-15T17:53:24.794Z
btc_2022-01-07_2022-12-31T08-00-00Z_x00_step1000_longbtc_dyn_entry08h00_delay60m_deribitbtcusddeliveryprice_t14d_001,07/01/2022,2022-12-31T08:00:00Z,BTC-PERPETUAL,BTC-PERPETUAL,DERIBIT_BTC_USD_DELIVERY_PRICE,8,0,60,0,1000,3000,14d,long_btc,dynamic,40801.29091,1136.982911,25,25,18,7,7,7,0,0,0,41708,16846,2.866513922,-59.60966721,0.590895624,59.08956241,btc_2022-01-07_2022-12-31T08-00-00Z_x00_step1000_longbtc_dyn_entry08h00_delay60m_deribitbtcusddeliveryprice_t14d_001,2026-05-15T17:55:34.416Z
btc_2023-01-06_2023-12-31T08-00-00Z_x00_step1000_longbtc_dyn_entry08h00_delay60m_deribitbtcusddeliveryprice_t14d_001,06/01/2023,2023-12-31T08:00:00Z,BTC-PERPETUAL,BTC-PERPETUAL,DERIBIT_BTC_USD_DELIVERY_PRICE,8,0,60,0,1000,3000,14d,long_btc,dynamic,26404.36443,9940.241428,25,25,18,7,7,7,0,0,0,16783,43615.5,60.375165,159.8790443,0.236634189,23.66341894,btc_2023-01-06_2023-12-31T08-00-00Z_x00_step1000_longbtc_dyn_entry08h00_delay60m_deribitbtcusddeliveryprice_t14d_001,2026-05-15T17:57:23.812Z
btc_2024-01-05_2024-12-31T08-00-00Z_x00_step1000_longbtc_dyn_entry08h00_delay60m_deribitbtcusddeliveryprice_t14d_001,05/01/2024,2024-12-31T08:00:00Z,BTC-PERPETUAL,BTC-PERPETUAL,DERIBIT_BTC_USD_DELIVERY_PRICE,8,0,60,0,1000,3000,14d,long_btc,dynamic,61018.72853,19692.45978,25,25,18,7,7,7,0,0,0,43847.5,97672,47.65119227,122.7538628,0.313376744,31.33767443,btc_2024-01-05_2024-12-31T08-00-00Z_x00_step1000_longbtc_dyn_entry08h00_delay60m_deribitbtcusddeliveryprice_t14d_001,2026-05-15T17:58:54.998Z
btc_2025-01-03_2025-12-31T08-00-00Z_x00_step1000_longbtc_dyn_entry08h00_delay60m_deribitbtcusddeliveryprice_t14d_001,03/01/2025,2025-12-31T08:00:00Z,BTC-PERPETUAL,BTC-PERPETUAL,DERIBIT_BTC_USD_DELIVERY_PRICE,8,0,60,0,1000,3000,14d,long_btc,dynamic,84850.88606,-6238.507937,25,25,19,6,6,6,0,0,1,96289,87926,-6.848775322,-8.685311926,0.392559059,39.25590592,btc_2025-01-03_2025-12-31T08-00-00Z_x00_step1000_longbtc_dyn_entry08h00_delay60m_deribitbtcusddeliveryprice_t14d_001,2026-05-15T18:00:04.441Z
btc_2026-01-02_2026-05-15T08-00-00Z_x00_step1000_longbtc_dyn_entry08h00_delay60m_deribitbtcusddeliveryprice_t14d_001,02/01/2026,2026-05-15T08:00:00Z,BTC-PERPETUAL,BTC-PERPETUAL,DERIBIT_BTC_USD_DELIVERY_PRICE,8,0,60,0,1000,3000,14d,long_btc,dynamic,79159.48017,-6885.78183,9,9,8,1,1,1,0,0,0,88798,79684,-8.002511318,-10.26374468,0.558551237,55.85512372,btc_2026-01-02_2026-05-15T08-00-00Z_x00_step1000_longbtc_dyn_entry08h00_delay60m_deribitbtcusddeliveryprice_t14d_001,2026-05-15T18:00:24.569Z
btc_2020-01-03_2020-12-31T08-00-00Z_x07_step1000_longbtc_dyn_entry08h00_delay60m_deribitbtcusddeliveryprice_t14d_001,03/01/2020,2020-12-31T08:00:00Z,BTC-PERPETUAL,BTC-PERPETUAL,DERIBIT_BTC_USD_DELIVERY_PRICE,8,0,60,0.07,1000,3000,14d,long_btc,dynamic,16170.59986,9034.151861,25,25,19,6,6,6,0,0,0,7194,23113.5,126.5917143,221.2885738,0.791302583,79.13025826,btc_2020-01-03_2020-12-31T08-00-00Z_x07_step1000_longbtc_dyn_entry08h00_delay60m_deribitbtcusddeliveryprice_t14d_001,2026-05-15T18:03:15.039Z
btc_2021-01-01_2021-12-31T08-00-00Z_x07_step1000_longbtc_dyn_entry08h00_delay60m_deribitbtcusddeliveryprice_t14d_001,01/01/2021,2021-12-31T08:00:00Z,BTC-PERPETUAL,BTC-PERPETUAL,DERIBIT_BTC_USD_DELIVERY_PRICE,8,0,60,0.07,1000,3000,14d,long_btc,dynamic,42235.93002,14304.44952,26,26,19,7,7,7,0,0,0,29186.5,47184,51.21264345,61.66378291,0.722464919,72.24649187,btc_2021-01-01_2021-12-31T08-00-00Z_x07_step1000_longbtc_dyn_entry08h00_delay60m_deribitbtcusddeliveryprice_t14d_001,2026-05-15T18:05:50.363Z
btc_2022-01-07_2022-12-31T08-00-00Z_x07_step1000_longbtc_dyn_entry08h00_delay60m_deribitbtcusddeliveryprice_t14d_001,07/01/2022,2022-12-31T08:00:00Z,BTC-PERPETUAL,BTC-PERPETUAL,DERIBIT_BTC_USD_DELIVERY_PRICE,8,0,60,0.07,1000,3000,14d,long_btc,dynamic,29910.58832,-10838.12768,25,25,18,7,7,7,0,0,0,41708,16846,-26.59747041,-59.60966721,0.670292287,67.02922875,btc_2022-01-07_2022-12-31T08-00-00Z_x07_step1000_longbtc_dyn_entry08h00_delay60m_deribitbtcusddeliveryprice_t14d_001,2026-05-15T18:07:58.406Z
btc_2023-01-06_2023-12-31T08-00-00Z_x07_step1000_longbtc_dyn_entry08h00_delay60m_deribitbtcusddeliveryprice_t14d_001,06/01/2023,2023-12-31T08:00:00Z,BTC-PERPETUAL,BTC-PERPETUAL,DERIBIT_BTC_USD_DELIVERY_PRICE,8,0,60,0.07,1000,3000,14d,long_btc,dynamic,31212.44608,14513.36108,25,25,18,7,7,7,0,0,0,16783,43615.5,86.91111564,159.8790443,0.380506789,38.05067895,btc_2023-01-06_2023-12-31T08-00-00Z_x07_step1000_longbtc_dyn_entry08h00_delay60m_deribitbtcusddeliveryprice_t14d_001,2026-05-15T18:09:47.110Z
btc_2024-01-05_2024-12-31T08-00-00Z_x07_step1000_longbtc_dyn_entry08h00_delay60m_deribitbtcusddeliveryprice_t14d_001,05/01/2024,2024-12-31T08:00:00Z,BTC-PERPETUAL,BTC-PERPETUAL,DERIBIT_BTC_USD_DELIVERY_PRICE,8,0,60,0.07,1000,3000,14d,long_btc,dynamic,77605.40889,35161.02889,23,23,16,7,7,7,0,0,0,43847.5,97672,82.8402462,122.7538628,0.47976049,47.97604897,btc_2024-01-05_2024-12-31T08-00-00Z_x07_step1000_longbtc_dyn_entry08h00_delay60m_deribitbtcusddeliveryprice_t14d_001,2026-05-15T18:11:10.094Z
btc_2025-01-03_2025-12-31T08-00-00Z_x07_step1000_longbtc_dyn_entry08h00_delay60m_deribitbtcusddeliveryprice_t14d_001,03/01/2025,2025-12-31T08:00:00Z,BTC-PERPETUAL,BTC-PERPETUAL,DERIBIT_BTC_USD_DELIVERY_PRICE,8,0,60,0.07,1000,3000,14d,long_btc,dynamic,94774.42546,314.9164649,25,25,19,6,6,6,0,0,0,96289,87926,0.333387785,-8.685311926,0.552995958,55.29959578,btc_2025-01-03_2025-12-31T08-00-00Z_x07_step1000_longbtc_dyn_entry08h00_delay60m_deribitbtcusddeliveryprice_t14d_001,2026-05-15T18:12:21.213Z
btc_2026-01-02_2026-05-15T08-00-00Z_x07_step1000_longbtc_dyn_entry08h00_delay60m_deribitbtcusddeliveryprice_t14d_001,02/01/2026,2026-05-15T08:00:00Z,BTC-PERPETUAL,BTC-PERPETUAL,DERIBIT_BTC_USD_DELIVERY_PRICE,8,0,60,0.07,1000,3000,14d,long_btc,dynamic,85280.68591,-2629.334089,9,9,8,1,1,1,0,0,0,88798,79684,-2.990937881,-10.26374468,0.705412746,70.54127464,btc_2026-01-02_2026-05-15T08-00-00Z_x07_step1000_longbtc_dyn_entry08h00_delay60m_deribitbtcusddeliveryprice_t14d_001,2026-05-15T18:12:41.779Z
btc_2020-01-03_2020-12-31T08-00-00Z_x10_step1000_longbtc_dyn_entry08h00_delay60m_deribitbtcusddeliveryprice_t14d_001,03/01/2020,2020-12-31T08:00:00Z,BTC-PERPETUAL,BTC-PERPETUAL,DERIBIT_BTC_USD_DELIVERY_PRICE,8,0,60,0.1,1000,3000,14d,long_btc,dynamic,15220.25836,8083.810359,25,25,19,6,6,6,0,0,0,7194,23113.5,113.2749844,221.2885738,0.838544751,83.85447512,btc_2020-01-03_2020-12-31T08-00-00Z_x10_step1000_longbtc_dyn_entry08h00_delay60m_deribitbtcusddeliveryprice_t14d_001,2026-05-15T18:15:31.653Z
btc_2021-01-01_2021-12-31T08-00-00Z_x10_step1000_longbtc_dyn_entry08h00_delay60m_deribitbtcusddeliveryprice_t14d_001,01/01/2021,2021-12-31T08:00:00Z,BTC-PERPETUAL,BTC-PERPETUAL,DERIBIT_BTC_USD_DELIVERY_PRICE,8,0,60,0.1,1000,3000,14d,long_btc,dynamic,44519.89048,16311.13823,26,26,19,7,7,7,0,0,0,29186.5,47184,57.82296955,61.66378291,0.790087134,79.00871344,btc_2021-01-01_2021-12-31T08-00-00Z_x10_step1000_longbtc_dyn_entry08h00_delay60m_deribitbtcusddeliveryprice_t14d_001,2026-05-15T18:18:09.936Z
btc_2022-01-07_2022-12-31T08-00-00Z_x10_step1000_longbtc_dyn_entry08h00_delay60m_deribitbtcusddeliveryprice_t14d_001,07/01/2022,2022-12-31T08:00:00Z,BTC-PERPETUAL,BTC-PERPETUAL,DERIBIT_BTC_USD_DELIVERY_PRICE,8,0,60,0.1,1000,3000,14d,long_btc,dynamic,32046.09643,-8932.013568,23,23,17,6,6,6,0,0,0,41708,16846,-21.79703644,-59.60966721,0.553650082,55.3650082,btc_2022-01-07_2022-12-31T08-00-00Z_x10_step1000_longbtc_dyn_entry08h00_delay60m_deribitbtcusddeliveryprice_t14d_001,2026-05-15T18:20:15.147Z
btc_2023-01-06_2023-12-31T08-00-00Z_x10_step1000_longbtc_dyn_entry08h00_delay60m_deribitbtcusddeliveryprice_t14d_001,06/01/2023,2023-12-31T08:00:00Z,BTC-PERPETUAL,BTC-PERPETUAL,DERIBIT_BTC_USD_DELIVERY_PRICE,8,0,60,0.1,1000,3000,14d,long_btc,dynamic,34289.29952,17590.21452,25,25,18,7,7,7,0,0,0,16783,43615.5,105.3363973,159.8790443,0.457885499,45.78854989,btc_2023-01-06_2023-12-31T08-00-00Z_x10_step1000_longbtc_dyn_entry08h00_delay60m_deribitbtcusddeliveryprice_t14d_001,2026-05-15T18:22:06.355Z
btc_2024-01-05_2024-12-31T08-00-00Z_x10_step1000_longbtc_dyn_entry08h00_delay60m_deribitbtcusddeliveryprice_t14d_001,05/01/2024,2024-12-31T08:00:00Z,BTC-PERPETUAL,BTC-PERPETUAL,DERIBIT_BTC_USD_DELIVERY_PRICE,8,0,60,0.1,1000,3000,14d,long_btc,dynamic,81065.50389,38336.11514,25,25,18,7,7,7,0,0,0,43847.5,97672,89.71837946,122.7538628,0.560413737,56.04137367,btc_2024-01-05_2024-12-31T08-00-00Z_x10_step1000_longbtc_dyn_entry08h00_delay60m_deribitbtcusddeliveryprice_t14d_001,2026-05-15T18:23:37.137Z
btc_2025-01-03_2025-12-31T08-00-00Z_x10_step1000_longbtc_dyn_entry08h00_delay60m_deribitbtcusddeliveryprice_t14d_001,03/01/2025,2025-12-31T08:00:00Z,BTC-PERPETUAL,BTC-PERPETUAL,DERIBIT_BTC_USD_DELIVERY_PRICE,8,0,60,0.1,1000,3000,14d,long_btc,dynamic,97680.13167,2594.744167,25,25,19,6,6,6,0,0,0,96289,87926,2.72885691,-8.685311926,0.598472666,59.84726662,btc_2025-01-03_2025-12-31T08-00-00Z_x10_step1000_longbtc_dyn_entry08h00_delay60m_deribitbtcusddeliveryprice_t14d_001,2026-05-15T18:24:48.595Z
btc_2026-01-02_2026-05-15T08-00-00Z_x10_step1000_longbtc_dyn_entry08h00_delay60m_deribitbtcusddeliveryprice_t14d_001,02/01/2026,2026-05-15T08:00:00Z,BTC-PERPETUAL,BTC-PERPETUAL,DERIBIT_BTC_USD_DELIVERY_PRICE,8,0,60,0.1,1000,3000,14d,long_btc,dynamic,83970.04125,-4161.97375,9,9,8,1,1,1,0,0,0,88798,79684,-4.722431174,-10.26374468,0.725802714,72.58027145,btc_2026-01-02_2026-05-15T08-00-00Z_x10_step1000_longbtc_dyn_entry08h00_delay60m_deribitbtcusddeliveryprice_t14d_001,2026-05-15T18:25:09.931Z
btc_2025-10-01_2026-02-28_x05_step1000_longbtc_dyn_entry08h00_delay60m_deribitbtcusddeliveryprice_tmonthly_001,01/10/2025,28/02/2026,BTC-PERPETUAL,BTC-PERPETUAL,DERIBIT_BTC_USD_DELIVERY_PRICE,8,0,60,0.05,1000,3000,monthly,long_btc,dynamic,74679.16311,-31896.40389,4,4,4,0,0,0,0,0,0,109420.5,67649,-29.92843931,-38.17520483,0.595009732,59.50097323,btc_2025-10-01_2026-02-28_x05_step1000_longbtc_dyn_entry08h00_delay60m_deribitbtcusddeliveryprice_tmonthly_001,2026-05-17T09:36:14.622Z
btc_2020-01-03_2020-12-31T08-00-00Z_x00_step1000_longbtc_dyn_entry08h00_delay60m_deribitbtcusddeliveryprice_tmonthly_001,03/01/2020,2020-12-31T08:00:00Z,BTC-PERPETUAL,BTC-PERPETUAL,DERIBIT_BTC_USD_DELIVERY_PRICE,8,0,60,0,1000,3000,monthly,long_btc,dynamic,13208.96686,4670.366862,11,11,11,0,0,0,0,0,0,9362.5,23678,54.69710329,152.9025367,0.590114244,59.01142438,btc_2020-01-03_2020-12-31T08-00-00Z_x00_step1000_longbtc_dyn_entry08h00_delay60m_deribitbtcusddeliveryprice_tmonthly_001,2026-05-17T10:10:19.496Z
btc_2021-01-01_2021-12-31T08-00-00Z_x00_step1000_longbtc_dyn_entry08h00_delay60m_deribitbtcusddeliveryprice_tmonthly_001,01/01/2021,2021-12-31T08:00:00Z,BTC-PERPETUAL,BTC-PERPETUAL,DERIBIT_BTC_USD_DELIVERY_PRICE,8,0,60,0,1000,3000,monthly,long_btc,dynamic,43031.89712,14909.95937,11,11,11,0,0,0,0,0,0,32305.5,47184,53.01896159,46.0556252,0.774794774,77.47947738,btc_2021-01-01_2021-12-31T08-00-00Z_x00_step1000_longbtc_dyn_entry08h00_delay60m_deribitbtcusddeliveryprice_tmonthly_001,2026-05-17T10:11:24.119Z
btc_2022-01-07_2022-12-31T08-00-00Z_x00_step1000_longbtc_dyn_entry08h00_delay60m_deribitbtcusddeliveryprice_tmonthly_001,07/01/2022,2022-12-31T08:00:00Z,BTC-PERPETUAL,BTC-PERPETUAL,DERIBIT_BTC_USD_DELIVERY_PRICE,8,0,60,0,1000,3000,monthly,long_btc,dynamic,25576.81585,-8064.648647,11,11,11,0,0,0,0,0,0,36827,16467.5,-23.97234712,-55.28416651,0.814698539,81.46985391,btc_2022-01-07_2022-12-31T08-00-00Z_x00_step1000_longbtc_dyn_entry08h00_delay60m_deribitbtcusddeliveryprice_tmonthly_001,2026-05-17T10:12:20.297Z
btc_2023-01-06_2023-12-31T08-00-00Z_x00_step1000_longbtc_dyn_entry08h00_delay60m_deribitbtcusddeliveryprice_tmonthly_001,06/01/2023,2023-12-31T08:00:00Z,BTC-PERPETUAL,BTC-PERPETUAL,DERIBIT_BTC_USD_DELIVERY_PRICE,8,0,60,0,1000,3000,monthly,long_btc,dynamic,29846.93954,8189.457542,11,11,11,0,0,0,0,0,0,23089,42343.5,37.81352579,83.39252458,0.371745793,37.1745793,btc_2023-01-06_2023-12-31T08-00-00Z_x00_step1000_longbtc_dyn_entry08h00_delay60m_deribitbtcusddeliveryprice_tmonthly_001,2026-05-17T10:13:07.310Z
btc_2024-01-05_2024-12-31T08-00-00Z_x00_step1000_longbtc_dyn_entry08h00_delay60m_deribitbtcusddeliveryprice_tmonthly_001,05/01/2024,2024-12-31T08:00:00Z,BTC-PERPETUAL,BTC-PERPETUAL,DERIBIT_BTC_USD_DELIVERY_PRICE,8,0,60,0,1000,3000,monthly,long_btc,dynamic,56315.07874,18290.29474,11,11,11,0,0,0,0,0,0,39984,95077,48.10098261,137.787615,0.293520686,29.35206863,btc_2024-01-05_2024-12-31T08-00-00Z_x00_step1000_longbtc_dyn_entry08h00_delay60m_deribitbtcusddeliveryprice_tmonthly_001,2026-05-17T10:13:45.658Z
btc_2025-01-03_2025-12-31T08-00-00Z_x00_step1000_longbtc_dyn_entry08h00_delay60m_deribitbtcusddeliveryprice_tmonthly_001,03/01/2025,2025-12-31T08:00:00Z,BTC-PERPETUAL,BTC-PERPETUAL,DERIBIT_BTC_USD_DELIVERY_PRICE,8,0,60,0,1000,3000,monthly,long_btc,dynamic,101648.5319,3800.506414,11,11,11,0,0,0,0,0,0,104204.5,88458,3.884091063,-15.11115163,0.6078052,60.78051995,btc_2025-01-03_2025-12-31T08-00-00Z_x00_step1000_longbtc_dyn_entry08h00_delay60m_deribitbtcusddeliveryprice_tmonthly_001,2026-05-17T10:14:15.073Z
btc_2026-01-02_2026-05-17T08-00-00Z_x00_step1000_longbtc_dyn_entry08h00_delay60m_deribitbtcusddeliveryprice_tmonthly_001,02/01/2026,2026-05-17T08:00:00Z,BTC-PERPETUAL,BTC-PERPETUAL,DERIBIT_BTC_USD_DELIVERY_PRICE,8,0,60,0,1000,3000,monthly,long_btc,dynamic,75677.74955,-2859.689199,3,3,3,0,0,0,0,0,0,82627.5,77693,-3.641179601,-5.971982693,0.817358787,81.73587869,btc_2026-01-02_2026-05-17T08-00-00Z_x00_step1000_longbtc_dyn_entry08h00_delay60m_deribitbtcusddeliveryprice_tmonthly_001,2026-05-17T10:14:21.560Z
btc_2020-01-03_2020-12-31T08-00-00Z_x03_step1000_longbtc_dyn_entry08h00_delay60m_deribitbtcusddeliveryprice_tmonthly_001,03/01/2020,2020-12-31T08:00:00Z,BTC-PERPETUAL,BTC-PERPETUAL,DERIBIT_BTC_USD_DELIVERY_PRICE,8,0,60,0.03,1000,3000,monthly,long_btc,dynamic,13606.8937,4646.981202,11,11,11,0,0,0,0,0,0,9362.5,23678,51.86413598,152.9025367,0.649174637,64.91746373,btc_2020-01-03_2020-12-31T08-00-00Z_x03_step1000_longbtc_dyn_entry08h00_delay60m_deribitbtcusddeliveryprice_tmonthly_001,2026-05-17T10:15:35.211Z
btc_2021-01-01_2021-12-31T08-00-00Z_x03_step1000_longbtc_dyn_entry08h00_delay60m_deribitbtcusddeliveryprice_tmonthly_001,01/01/2021,2021-12-31T08:00:00Z,BTC-PERPETUAL,BTC-PERPETUAL,DERIBIT_BTC_USD_DELIVERY_PRICE,8,0,60,0.03,1000,3000,monthly,long_btc,dynamic,43666.34451,14801.38026,11,11,11,0,0,0,0,0,0,32305.5,47184,51.27801347,46.0556252,0.910431516,91.0431516,btc_2021-01-01_2021-12-31T08-00-00Z_x03_step1000_longbtc_dyn_entry08h00_delay60m_deribitbtcusddeliveryprice_tmonthly_001,2026-05-17T10:16:39.581Z
btc_2022-01-07_2022-12-31T08-00-00Z_x03_step1000_longbtc_dyn_entry08h00_delay60m_deribitbtcusddeliveryprice_tmonthly_001,07/01/2022,2022-12-31T08:00:00Z,BTC-PERPETUAL,BTC-PERPETUAL,DERIBIT_BTC_USD_DELIVERY_PRICE,8,0,60,0.03,1000,3000,monthly,long_btc,dynamic,25341.01739,-9405.257107,11,11,11,0,0,0,0,0,0,36827,16467.5,-27.06839004,-55.28416651,0.913411057,91.34110568,btc_2022-01-07_2022-12-31T08-00-00Z_x03_step1000_longbtc_dyn_entry08h00_delay60m_deribitbtcusddeliveryprice_tmonthly_001,2026-05-17T10:17:47.089Z
btc_2023-01-06_2023-12-31T08-00-00Z_x03_step1000_longbtc_dyn_entry08h00_delay60m_deribitbtcusddeliveryprice_tmonthly_001,06/01/2023,2023-12-31T08:00:00Z,BTC-PERPETUAL,BTC-PERPETUAL,DERIBIT_BTC_USD_DELIVERY_PRICE,8,0,60,0.03,1000,3000,monthly,long_btc,dynamic,33909.28315,11836.19915,11,11,11,0,0,0,0,0,0,23089,42343.5,53.62277036,83.39252458,0.458741708,45.87417081,btc_2023-01-06_2023-12-31T08-00-00Z_x03_step1000_longbtc_dyn_entry08h00_delay60m_deribitbtcusddeliveryprice_tmonthly_001,2026-05-17T10:18:34.026Z
btc_2024-01-05_2024-12-31T08-00-00Z_x03_step1000_longbtc_dyn_entry08h00_delay60m_deribitbtcusddeliveryprice_tmonthly_001,05/01/2024,2024-12-31T08:00:00Z,BTC-PERPETUAL,BTC-PERPETUAL,DERIBIT_BTC_USD_DELIVERY_PRICE,8,0,60,0.03,1000,3000,monthly,long_btc,dynamic,60600.82944,22036.26144,11,11,11,0,0,0,0,0,0,39984,95077,57.14121169,137.787615,0.383340012,38.33400122,btc_2024-01-05_2024-12-31T08-00-00Z_x03_step1000_longbtc_dyn_entry08h00_delay60m_deribitbtcusddeliveryprice_tmonthly_001,2026-05-17T10:19:12.905Z
btc_2025-01-03_2025-12-31T08-00-00Z_x03_step1000_longbtc_dyn_entry08h00_delay60m_deribitbtcusddeliveryprice_tmonthly_001,03/01/2025,2025-12-31T08:00:00Z,BTC-PERPETUAL,BTC-PERPETUAL,DERIBIT_BTC_USD_DELIVERY_PRICE,8,0,60,0.03,1000,3000,monthly,long_btc,dynamic,101940.5087,2633.620246,11,11,11,0,0,0,0,0,0,104204.5,88458,2.652001574,-15.11115163,0.663942574,66.39425741,btc_2025-01-03_2025-12-31T08-00-00Z_x03_step1000_longbtc_dyn_entry08h00_delay60m_deribitbtcusddeliveryprice_tmonthly_001,2026-05-17T10:19:42.730Z
btc_2026-01-02_2026-05-17T08-00-00Z_x03_step1000_longbtc_dyn_entry08h00_delay60m_deribitbtcusddeliveryprice_tmonthly_001,02/01/2026,2026-05-17T08:00:00Z,BTC-PERPETUAL,BTC-PERPETUAL,DERIBIT_BTC_USD_DELIVERY_PRICE,8,0,60,0.03,1000,3000,monthly,long_btc,dynamic,76257.26954,-3726.150456,3,3,3,0,0,0,0,0,0,82627.5,77693,-4.658653576,-5.971982693,0.902994953,90.29949526,btc_2026-01-02_2026-05-17T08-00-00Z_x03_step1000_longbtc_dyn_entry08h00_delay60m_deribitbtcusddeliveryprice_tmonthly_001,2026-05-17T10:19:49.286Z
btc_2021-01-01_2021-12-31T08-00-00Z_x05_step1000_longbtc_dyn_entry08h00_delay60m_deribitbtcusddeliveryprice_tmonthly_001,01/01/2021,2021-12-31T08:00:00Z,BTC-PERPETUAL,BTC-PERPETUAL,DERIBIT_BTC_USD_DELIVERY_PRICE,8,0,60,0.05,1000,3000,monthly,long_btc,dynamic,37595.67365,15800.07465,12,12,12,0,0,0,0,0,0,23678,47184,72.49204142,99.2735873,0.902293144,90.22931443,btc_2021-01-01_2021-12-31T08-00-00Z_x05_step1000_longbtc_dyn_entry08h00_delay60m_deribitbtcusddeliveryprice_tmonthly_001,2026-05-17T11:03:36.614Z
btc_2022-01-07_2022-12-31T08-00-00Z_x05_step1000_longbtc_dyn_entry08h00_delay60m_deribitbtcusddeliveryprice_tmonthly_001,07/01/2022,2022-12-31T08:00:00Z,BTC-PERPETUAL,BTC-PERPETUAL,DERIBIT_BTC_USD_DELIVERY_PRICE,8,0,60,0.05,1000,3000,monthly,long_btc,dynamic,25315.31936,-19061.23264,12,12,12,0,0,0,0,0,0,47184,16467.5,-42.95338817,-65.0993981,0.922908665,92.29086647,btc_2022-01-07_2022-12-31T08-00-00Z_x05_step1000_longbtc_dyn_entry08h00_delay60m_deribitbtcusddeliveryprice_tmonthly_001,2026-05-17T11:04:39.215Z
btc_2023-01-06_2023-12-31T08-00-00Z_x05_step1000_longbtc_dyn_entry08h00_delay60m_deribitbtcusddeliveryprice_tmonthly_001,06/01/2023,2023-12-31T08:00:00Z,BTC-PERPETUAL,BTC-PERPETUAL,DERIBIT_BTC_USD_DELIVERY_PRICE,8,0,60,0.05,1000,3000,monthly,long_btc,dynamic,27172.10471,11248.03221,12,12,12,0,0,0,0,0,0,16467.5,42343.5,70.63539941,157.1337483,0.490325088,49.03250876,btc_2023-01-06_2023-12-31T08-00-00Z_x05_step1000_longbtc_dyn_entry08h00_delay60m_deribitbtcusddeliveryprice_tmonthly_001,2026-05-17T11:05:31.757Z
btc_2024-01-05_2024-12-31T08-00-00Z_x05_step1000_longbtc_dyn_entry08h00_delay60m_deribitbtcusddeliveryprice_tmonthly_001,05/01/2024,2024-12-31T08:00:00Z,BTC-PERPETUAL,BTC-PERPETUAL,DERIBIT_BTC_USD_DELIVERY_PRICE,8,0,60,0.05,1000,3000,monthly,long_btc,dynamic,65235.90711,25369.50186,12,12,12,0,0,0,0,0,0,42343.5,95077,63.63629151,124.5374142,0.434979692,43.49796918,btc_2024-01-05_2024-12-31T08-00-00Z_x05_step1000_longbtc_dyn_entry08h00_delay60m_deribitbtcusddeliveryprice_tmonthly_001,2026-05-17T11:06:14.656Z
btc_2025-01-03_2025-12-31T08-00-00Z_x05_step1000_longbtc_dyn_entry08h00_delay60m_deribitbtcusddeliveryprice_tmonthly_001,03/01/2025,2025-12-31T08:00:00Z,BTC-PERPETUAL,BTC-PERPETUAL,DERIBIT_BTC_USD_DELIVERY_PRICE,8,0,60,0.05,1000,3000,monthly,long_btc,dynamic,102995.0879,13480.09236,12,12,12,0,0,0,0,0,0,95077,88458,15.0590326,-6.961725759,0.709455952,70.9455952,btc_2025-01-03_2025-12-31T08-00-00Z_x05_step1000_longbtc_dyn_entry08h00_delay60m_deribitbtcusddeliveryprice_tmonthly_001,2026-05-17T11:06:47.626Z
btc_2026-01-02_2026-05-17T08-00-00Z_x05_step1000_longbtc_dyn_entry08h00_delay60m_deribitbtcusddeliveryprice_tmonthly_001,02/01/2026,2026-05-17T08:00:00Z,BTC-PERPETUAL,BTC-PERPETUAL,DERIBIT_BTC_USD_DELIVERY_PRICE,8,0,60,0.05,1000,3000,monthly,long_btc,dynamic,78532.77941,-6784.961593,4,4,4,0,0,0,0,0,0,88458,77693,-7.952579983,-12.16961722,0.765290137,76.52901366,btc_2026-01-02_2026-05-17T08-00-00Z_x05_step1000_longbtc_dyn_entry08h00_delay60m_deribitbtcusddeliveryprice_tmonthly_001,2026-05-17T11:06:56.569Z
btc_2020-01-03_2020-12-31T08-00-00Z_x07_step1000_longbtc_dyn_entry08h00_delay60m_deribitbtcusddeliveryprice_tmonthly_001,03/01/2020,2020-12-31T08:00:00Z,BTC-PERPETUAL,BTC-PERPETUAL,DERIBIT_BTC_USD_DELIVERY_PRICE,8,0,60,0.07,1000,3000,monthly,long_btc,dynamic,12947.46725,6001.969247,12,12,12,0,0,0,0,0,0,7164,23678,86.41524693,230.5136795,0.68461256,68.46125597,btc_2020-01-03_2020-12-31T08-00-00Z_x07_step1000_longbtc_dyn_entry08h00_delay60m_deribitbtcusddeliveryprice_tmonthly_001,2026-05-17T11:08:16.785Z
btc_2021-01-01_2021-12-31T08-00-00Z_x07_step1000_longbtc_dyn_entry08h00_delay60m_deribitbtcusddeliveryprice_tmonthly_001,01/01/2021,2021-12-31T08:00:00Z,BTC-PERPETUAL,BTC-PERPETUAL,DERIBIT_BTC_USD_DELIVERY_PRICE,8,0,60,0.07,1000,3000,monthly,long_btc,dynamic,38143.88575,16348.28675,12,12,12,0,0,0,0,0,0,23678,47184,75.00728358,99.2735873,0.977150737,97.71507372,btc_2021-01-01_2021-12-31T08-00-00Z_x07_step1000_longbtc_dyn_entry08h00_delay60m_deribitbtcusddeliveryprice_tmonthly_001,2026-05-17T11:09:27.651Z
btc_2022-01-07_2022-12-31T08-00-00Z_x07_step1000_longbtc_dyn_entry08h00_delay60m_deribitbtcusddeliveryprice_tmonthly_001,07/01/2022,2022-12-31T08:00:00Z,BTC-PERPETUAL,BTC-PERPETUAL,DERIBIT_BTC_USD_DELIVERY_PRICE,8,0,60,0.07,1000,3000,monthly,long_btc,dynamic,24130.27731,-20246.27469,12,12,12,0,0,0,0,0,0,47184,16467.5,-45.62381208,-65.0993981,0.952393896,95.23938961,btc_2022-01-07_2022-12-31T08-00-00Z_x07_step1000_longbtc_dyn_entry08h00_delay60m_deribitbtcusddeliveryprice_tmonthly_001,2026-05-17T11:10:28.704Z
btc_2023-01-06_2023-12-31T08-00-00Z_x07_step1000_longbtc_dyn_entry08h00_delay60m_deribitbtcusddeliveryprice_tmonthly_001,06/01/2023,2023-12-31T08:00:00Z,BTC-PERPETUAL,BTC-PERPETUAL,DERIBIT_BTC_USD_DELIVERY_PRICE,8,0,60,0.07,1000,3000,monthly,long_btc,dynamic,29269.42336,13065.40336,12,12,12,0,0,0,0,0,0,16467.5,42343.5,80.63062969,157.1337483,0.542378642,54.23786416,btc_2023-01-06_2023-12-31T08-00-00Z_x07_step1000_longbtc_dyn_entry08h00_delay60m_deribitbtcusddeliveryprice_tmonthly_001,2026-05-17T11:11:21.266Z
btc_2024-01-05_2024-12-31T08-00-00Z_x07_step1000_longbtc_dyn_entry08h00_delay60m_deribitbtcusddeliveryprice_tmonthly_001,05/01/2024,2024-12-31T08:00:00Z,BTC-PERPETUAL,BTC-PERPETUAL,DERIBIT_BTC_USD_DELIVERY_PRICE,8,0,60,0.07,1000,3000,monthly,long_btc,dynamic,67414.38843,27230.40693,12,12,12,0,0,0,0,0,0,42343.5,95077,67.76433274,124.5374142,0.48459041,48.45904101,btc_2024-01-05_2024-12-31T08-00-00Z_x07_step1000_longbtc_dyn_entry08h00_delay60m_deribitbtcusddeliveryprice_tmonthly_001,2026-05-17T11:12:04.218Z
btc_2025-01-03_2025-12-31T08-00-00Z_x07_step1000_longbtc_dyn_entry08h00_delay60m_deribitbtcusddeliveryprice_tmonthly_001,03/01/2025,2025-12-31T08:00:00Z,BTC-PERPETUAL,BTC-PERPETUAL,DERIBIT_BTC_USD_DELIVERY_PRICE,8,0,60,0.07,1000,3000,monthly,long_btc,dynamic,104229.3762,13906.22625,12,12,12,0,0,0,0,0,0,95077,88458,15.39608201,-6.961725759,0.759298492,75.92984924,btc_2025-01-03_2025-12-31T08-00-00Z_x07_step1000_longbtc_dyn_entry08h00_delay60m_deribitbtcusddeliveryprice_tmonthly_001,2026-05-17T11:12:37.336Z
btc_2026-01-02_2026-05-17T08-00-00Z_x07_step1000_longbtc_dyn_entry08h00_delay60m_deribitbtcusddeliveryprice_tmonthly_001,02/01/2026,2026-05-17T08:00:00Z,BTC-PERPETUAL,BTC-PERPETUAL,DERIBIT_BTC_USD_DELIVERY_PRICE,8,0,60,0.07,1000,3000,monthly,long_btc,dynamic,78615.65561,-7719.352391,4,4,4,0,0,0,0,0,0,88458,77693,-8.941161378,-12.16961722,0.793235773,79.32357731,btc_2026-01-02_2026-05-17T08-00-00Z_x07_step1000_longbtc_dyn_entry08h00_delay60m_deribitbtcusddeliveryprice_tmonthly_001,2026-05-17T11:12:46.426Z
btc_2020-01-03_2020-12-31T08-00-00Z_x10_step1000_longbtc_dyn_entry08h00_delay60m_deribitbtcusddeliveryprice_tmonthly_001,03/01/2020,2020-12-31T08:00:00Z,BTC-PERPETUAL,BTC-PERPETUAL,DERIBIT_BTC_USD_DELIVERY_PRICE,8,0,60,0.1,1000,3000,monthly,long_btc,dynamic,14145.25044,7199.752444,12,12,12,0,0,0,0,0,1,7164,23678,103.6607086,230.5136795,0.812335725,81.23357254,btc_2020-01-03_2020-12-31T08-00-00Z_x10_step1000_longbtc_dyn_entry08h00_delay60m_deribitbtcusddeliveryprice_tmonthly_001,2026-05-17T11:14:05.108Z
btc_2021-01-01_2021-12-31T08-00-00Z_x10_step1000_longbtc_dyn_entry08h00_delay60m_deribitbtcusddeliveryprice_tmonthly_001,01/01/2021,2021-12-31T08:00:00Z,BTC-PERPETUAL,BTC-PERPETUAL,DERIBIT_BTC_USD_DELIVERY_PRICE,8,0,60,0.1,1000,3000,monthly,long_btc,dynamic,40549.44158,18374.99458,12,12,12,0,0,0,0,0,0,23678,47184,82.86562719,99.2735873,1.070798229,107.0798229,btc_2021-01-01_2021-12-31T08-00-00Z_x10_step1000_longbtc_dyn_entry08h00_delay60m_deribitbtcusddeliveryprice_tmonthly_001,2026-05-17T11:15:16.417Z
btc_2022-01-07_2022-12-31T08-00-00Z_x10_step1000_longbtc_dyn_entry08h00_delay60m_deribitbtcusddeliveryprice_tmonthly_001,07/01/2022,2022-12-31T08:00:00Z,BTC-PERPETUAL,BTC-PERPETUAL,DERIBIT_BTC_USD_DELIVERY_PRICE,8,0,60,0.1,1000,3000,monthly,long_btc,dynamic,22882.53992,-22107.40408,12,12,12,0,0,0,0,0,0,47184,16467.5,-49.13854545,-65.0993981,1.009747885,100.9747885,btc_2022-01-07_2022-12-31T08-00-00Z_x10_step1000_longbtc_dyn_entry08h00_delay60m_deribitbtcusddeliveryprice_tmonthly_001,2026-05-17T11:16:17.579Z
btc_2023-01-06_2023-12-31T08-00-00Z_x10_step1000_longbtc_dyn_entry08h00_delay60m_deribitbtcusddeliveryprice_tmonthly_001,06/01/2023,2023-12-31T08:00:00Z,BTC-PERPETUAL,BTC-PERPETUAL,DERIBIT_BTC_USD_DELIVERY_PRICE,8,0,60,0.1,1000,3000,monthly,long_btc,dynamic,31242.56962,15038.54962,12,12,12,0,0,0,0,0,0,16467.5,42343.5,92.80752321,157.1337483,0.592165575,59.2165575,btc_2023-01-06_2023-12-31T08-00-00Z_x10_step1000_longbtc_dyn_entry08h00_delay60m_deribitbtcusddeliveryprice_tmonthly_001,2026-05-17T11:17:09.334Z
btc_2024-01-05_2024-12-31T08-00-00Z_x10_step1000_longbtc_dyn_entry08h00_delay60m_deribitbtcusddeliveryprice_tmonthly_001,05/01/2024,2024-12-31T08:00:00Z,BTC-PERPETUAL,BTC-PERPETUAL,DERIBIT_BTC_USD_DELIVERY_PRICE,8,0,60,0.1,1000,3000,monthly,long_btc,dynamic,69389.71619,28570.58219,12,12,12,0,0,0,0,0,0,42343.5,95077,69.99311202,124.5374142,0.577314763,57.7314763,btc_2024-01-05_2024-12-31T08-00-00Z_x10_step1000_longbtc_dyn_entry08h00_delay60m_deribitbtcusddeliveryprice_tmonthly_001,2026-05-17T11:17:51.928Z
btc_2025-01-03_2025-12-31T08-00-00Z_x10_step1000_longbtc_dyn_entry08h00_delay60m_deribitbtcusddeliveryprice_tmonthly_001,03/01/2025,2025-12-31T08:00:00Z,BTC-PERPETUAL,BTC-PERPETUAL,DERIBIT_BTC_USD_DELIVERY_PRICE,8,0,60,0.1,1000,3000,monthly,long_btc,dynamic,106867.7829,15784.01692,12,12,12,0,0,0,0,0,0,95077,88458,17.32912199,-6.961725759,0.812614052,81.26140517,btc_2025-01-03_2025-12-31T08-00-00Z_x10_step1000_longbtc_dyn_entry08h00_delay60m_deribitbtcusddeliveryprice_tmonthly_001,2026-05-17T11:18:25.266Z
btc_2026-01-02_2026-05-17T08-00-00Z_x10_step1000_longbtc_dyn_entry08h00_delay60m_deribitbtcusddeliveryprice_tmonthly_001,02/01/2026,2026-05-17T08:00:00Z,BTC-PERPETUAL,BTC-PERPETUAL,DERIBIT_BTC_USD_DELIVERY_PRICE,8,0,60,0.1,1000,3000,monthly,long_btc,dynamic,79150.50211,-7847.94089,4,4,4,0,0,0,0,0,0,88458,77693,-9.020783154,-12.16961722,0.862698585,86.26985847,btc_2026-01-02_2026-05-17T08-00-00Z_x10_step1000_longbtc_dyn_entry08h00_delay60m_deribitbtcusddeliveryprice_tmonthly_001,2026-05-17T11:18:34.292Z
btc_2020-01-03_2020-12-31T08-00-00Z_x05_step1000_longbtc_dyn_entry08h00_delay60m_deribitbtcusddeliveryprice_tmonthly_001,2020-01-03,2020-12-31T08:00:00Z,BTC-PERPETUAL,BTC-PERPETUAL,DERIBIT_BTC_USD_DELIVERY_PRICE,8,0,60,0.05,1000,3000,monthly,long_btc,dynamic,12947.467247150418,6001.969247150419,12,12,12,0,0,0,0,0,0,7164,23678,86.41524692902394,230.51367950865438,0.6846125596791761,68.46125596791761,btc_2020-01-03_2020-12-31T08-00-00Z_x05_step1000_longbtc_dyn_entry08h00_delay60m_deribitbtcusddeliveryprice_tmonthly_001,2026-05-17T12:52:26.489Z
btc_2020-01-03_2020-12-31T08-00-00Z_x00_step1000_longbtc_dyn_entry08h00_delay60m_deribitbtcusddeliveryprice_tmonthly_002,2020-01-03,2020-12-31T08:00:00Z,BTC-PERPETUAL,BTC-PERPETUAL,DERIBIT_BTC_USD_DELIVERY_PRICE,8,0,60,0,1000,3000,monthly,long_btc,dynamic,10872.081564547314,4360.005564547314,12,12,12,0,0,0,0,0,0,7164,23678,66.95262101589898,230.51367950865438,0.5685057561052692,56.850575610526924,btc_2020-01-03_2020-12-31T08-00-00Z_x00_step1000_longbtc_dyn_entry08h00_delay60m_deribitbtcusddeliveryprice_tmonthly_002,2026-05-17T16:22:36.355Z
btc_2021-01-01_2021-12-31T08-00-00Z_x00_step1000_longbtc_dyn_entry08h00_delay60m_deribitbtcusddeliveryprice_tmonthly_002,2021-01-01,2021-12-31T08:00:00Z,BTC-PERPETUAL,BTC-PERPETUAL,DERIBIT_BTC_USD_DELIVERY_PRICE,8,0,60,0,1000,3000,monthly,long_btc,dynamic,36111.31506109434,14718.242061094334,12,12,12,0,0,0,0,0,1,23678,47184,68.7991017517415,99.27358729622435,0.7461259380369024,74.61259380369025,btc_2021-01-01_2021-12-31T08-00-00Z_x00_step1000_longbtc_dyn_entry08h00_delay60m_deribitbtcusddeliveryprice_tmonthly_002,2026-05-17T16:23:47.885Z
btc_2022-01-07_2022-12-31T08-00-00Z_x00_step1000_longbtc_dyn_entry08h00_delay60m_deribitbtcusddeliveryprice_tmonthly_002,2022-01-07,2022-12-31T08:00:00Z,BTC-PERPETUAL,BTC-PERPETUAL,DERIBIT_BTC_USD_DELIVERY_PRICE,8,0,60,0,1000,3000,monthly,long_btc,dynamic,27842.111824144733,-15803.088175855264,12,12,12,0,0,0,0,0,0,47184,16467.5,-36.20807826715256,-65.09939810105121,0.8248358617178405,82.48358617178405,btc_2022-01-07_2022-12-31T08-00-00Z_x00_step1000_longbtc_dyn_entry08h00_delay60m_deribitbtcusddeliveryprice_tmonthly_002,2026-05-17T16:24:50.151Z
btc_2023-01-06_2023-12-31T08-00-00Z_x00_step1000_longbtc_dyn_entry08h00_delay60m_deribitbtcusddeliveryprice_tmonthly_002,2023-01-06,2023-12-31T08:00:00Z,BTC-PERPETUAL,BTC-PERPETUAL,DERIBIT_BTC_USD_DELIVERY_PRICE,8,0,60,0,1000,3000,monthly,long_btc,dynamic,22046.576621837336,6641.230371837335,12,12,12,0,0,0,0,0,0,16467.5,42343.5,43.109906548431745,157.13374829209047,0.35372961378140166,35.37296137814017,btc_2023-01-06_2023-12-31T08-00-00Z_x00_step1000_longbtc_dyn_entry08h00_delay60m_deribitbtcusddeliveryprice_tmonthly_002,2026-05-17T16:25:42.742Z
btc_2024-01-05_2024-12-31T08-00-00Z_x00_step1000_longbtc_dyn_entry08h00_delay60m_deribitbtcusddeliveryprice_tmonthly_002,2024-01-05,2024-12-31T08:00:00Z,BTC-PERPETUAL,BTC-PERPETUAL,DERIBIT_BTC_USD_DELIVERY_PRICE,8,0,60,0,1000,3000,monthly,long_btc,dynamic,59081.35580318857,20082.99230318857,12,12,12,0,0,0,0,0,0,42343.5,95077,51.497012953347564,124.53741424303612,0.2804678578514727,28.04678578514727,btc_2024-01-05_2024-12-31T08-00-00Z_x00_step1000_longbtc_dyn_entry08h00_delay60m_deribitbtcusddeliveryprice_tmonthly_002,2026-05-17T16:26:25.655Z
btc_2025-01-03_2025-12-31T08-00-00Z_x00_step1000_longbtc_dyn_entry08h00_delay60m_deribitbtcusddeliveryprice_tmonthly_002,2025-01-03,2025-12-31T08:00:00Z,BTC-PERPETUAL,BTC-PERPETUAL,DERIBIT_BTC_USD_DELIVERY_PRICE,8,0,60,0,1000,3000,monthly,long_btc,dynamic,100002.72887804627,12626.965878046267,12,12,12,0,0,0,0,0,0,95077,88458,14.451336897677525,-6.961725759121551,0.583858319683872,58.3858319683872,btc_2025-01-03_2025-12-31T08-00-00Z_x00_step1000_longbtc_dyn_entry08h00_delay60m_deribitbtcusddeliveryprice_tmonthly_002,2026-05-17T16:26:59.139Z
btc_2026-01-02_2026-05-17T08-00-00Z_x00_step1000_longbtc_dyn_entry08h00_delay60m_deribitbtcusddeliveryprice_tmonthly_002,2026-01-02,2026-05-17T08:00:00Z,BTC-PERPETUAL,BTC-PERPETUAL,DERIBIT_BTC_USD_DELIVERY_PRICE,8,0,60,0,1000,3000,monthly,long_btc,dynamic,80253.22932067195,-3206.89367932805,4,4,4,0,0,0,0,0,0,88458,77693,-3.8424262558635847,-12.169617219471384,0.644247198604955,64.4247198604955,btc_2026-01-02_2026-05-17T08-00-00Z_x00_step1000_longbtc_dyn_entry08h00_delay60m_deribitbtcusddeliveryprice_tmonthly_002,2026-05-17T16:27:08.540Z
btc_2020-01-03_2020-12-31T08-00-00Z_x03_step1000_longbtc_dyn_entry08h00_delay60m_deribitbtcusddeliveryprice_tmonthly_002,2020-01-03,2020-12-31T08:00:00Z,BTC-PERPETUAL,BTC-PERPETUAL,DERIBIT_BTC_USD_DELIVERY_PRICE,8,0,60,0.03,1000,3000,monthly,long_btc,dynamic,10705.80032683642,4193.72432683642,12,12,12,0,0,0,0,0,0,7164,23678,64.39919200630366,230.51367950865438,0.6236250617791944,62.36250617791944,btc_2020-01-03_2020-12-31T08-00-00Z_x03_step1000_longbtc_dyn_entry08h00_delay60m_deribitbtcusddeliveryprice_tmonthly_002,2026-05-17T16:28:55.561Z
btc_2021-01-01_2021-12-31T08-00-00Z_x03_step1000_longbtc_dyn_entry08h00_delay60m_deribitbtcusddeliveryprice_tmonthly_002,2021-01-01,2021-12-31T08:00:00Z,BTC-PERPETUAL,BTC-PERPETUAL,DERIBIT_BTC_USD_DELIVERY_PRICE,8,0,60,0.03,1000,3000,monthly,long_btc,dynamic,35841.64733896945,14448.57433896945,12,12,12,0,0,0,0,0,0,23678,47184,67.53856418369371,99.27358729622435,0.8706668889115136,87.06668889115136,btc_2021-01-01_2021-12-31T08-00-00Z_x03_step1000_longbtc_dyn_entry08h00_delay60m_deribitbtcusddeliveryprice_tmonthly_002,2026-05-17T16:30:08.969Z
btc_2022-01-07_2022-12-31T08-00-00Z_x03_step1000_longbtc_dyn_entry08h00_delay60m_deribitbtcusddeliveryprice_tmonthly_002,2022-01-07,2022-12-31T08:00:00Z,BTC-PERPETUAL,BTC-PERPETUAL,DERIBIT_BTC_USD_DELIVERY_PRICE,8,0,60,0.03,1000,3000,monthly,long_btc,dynamic,26729.795248542563,-16915.404751457434,12,12,12,0,0,0,0,0,0,47184,16467.5,-38.75662100633617,-65.09939810105121,0.912314981920127,91.23149819201271,btc_2022-01-07_2022-12-31T08-00-00Z_x03_step1000_longbtc_dyn_entry08h00_delay60m_deribitbtcusddeliveryprice_tmonthly_002,2026-05-17T16:31:11.344Z
btc_2023-01-06_2023-12-31T08-00-00Z_x03_step1000_longbtc_dyn_entry08h00_delay60m_deribitbtcusddeliveryprice_tmonthly_002,2023-01-06,2023-12-31T08:00:00Z,BTC-PERPETUAL,BTC-PERPETUAL,DERIBIT_BTC_USD_DELIVERY_PRICE,8,0,60,0.03,1000,3000,monthly,long_btc,dynamic,26116.102179518002,10192.029679518,12,12,12,0,0,0,0,0,0,16467.5,42343.5,64.00391407108957,157.13374829209047,0.44033773111653124,44.033773111653126,btc_2023-01-06_2023-12-31T08-00-00Z_x03_step1000_longbtc_dyn_entry08h00_delay60m_deribitbtcusddeliveryprice_tmonthly_002,2026-05-17T16:32:04.556Z
btc_2024-01-05_2024-12-31T08-00-00Z_x03_step1000_longbtc_dyn_entry08h00_delay60m_deribitbtcusddeliveryprice_tmonthly_002,2024-01-05,2024-12-31T08:00:00Z,BTC-PERPETUAL,BTC-PERPETUAL,DERIBIT_BTC_USD_DELIVERY_PRICE,8,0,60,0.03,1000,3000,monthly,long_btc,dynamic,62704.740893316906,22838.33564331691,12,12,12,0,0,0,0,0,0,42343.5,95077,57.28717073962146,124.53741424303612,0.37446871266060117,37.446871266060114,btc_2024-01-05_2024-12-31T08-00-00Z_x03_step1000_longbtc_dyn_entry08h00_delay60m_deribitbtcusddeliveryprice_tmonthly_002,2026-05-17T16:32:48.025Z
btc_2025-01-03_2025-12-31T08-00-00Z_x03_step1000_longbtc_dyn_entry08h00_delay60m_deribitbtcusddeliveryprice_tmonthly_002,2025-01-03,2025-12-31T08:00:00Z,BTC-PERPETUAL,BTC-PERPETUAL,DERIBIT_BTC_USD_DELIVERY_PRICE,8,0,60,0.03,1000,3000,monthly,long_btc,dynamic,101553.6674056074,12704.210905607415,12,12,12,0,0,0,0,0,1,95077,88458,14.2985803245824,-6.961725759121551,0.648000792544232,64.80007925442321,btc_2025-01-03_2025-12-31T08-00-00Z_x03_step1000_longbtc_dyn_entry08h00_delay60m_deribitbtcusddeliveryprice_tmonthly_002,2026-05-17T16:33:21.209Z
btc_2026-01-02_2026-05-17T08-00-00Z_x03_step1000_longbtc_dyn_entry08h00_delay60m_deribitbtcusddeliveryprice_tmonthly_002,2026-01-02,2026-05-17T08:00:00Z,BTC-PERPETUAL,BTC-PERPETUAL,DERIBIT_BTC_USD_DELIVERY_PRICE,8,0,60,0.03,1000,3000,monthly,long_btc,dynamic,79237.80615549024,-6079.934844509767,4,4,4,0,0,0,0,0,0,88458,77693,-7.1262257688113895,-12.169617219471384,0.7253280912619622,72.53280912619621,btc_2026-01-02_2026-05-17T08-00-00Z_x03_step1000_longbtc_dyn_entry08h00_delay60m_deribitbtcusddeliveryprice_tmonthly_002,2026-05-17T16:33:30.230Z