year,regime,scenarioId,configId,validReturnDays,totalReturnPct,CAGRpct,maxDrawdownPct,maxUnderwaterDurationDays,volatilityPct,historicalVaRPct,ewmaMaxPct,hedgeActivationEvents,pctDaysHedged,averageHedgeRatioPct,averageActivationDurationDays,returnSacrificedPct,returnEffect,drawdownReductionPctPoints,volatilityReductionPctPoints,varReductionPctPoints,protectionEfficiencyRatio
2020,Bull market,A_immediate,stress30_crisis40,254,49.209144,50.943174,-51.827328,196,2.852638,-2.789744,6.867883,1,12.598425,3.779528,32,4.154437,return sacrificed,3.222399,0.192148,0.044925,0.775652
2021,Bull market,A_immediate,stress30_crisis40,247,-19.824221,-20.334075,-48.570244,194,3.70737,-6.294472,5.596739,7,30.364372,9.797571,10.714286,-1.868029,return improved,5.216553,0.550995,2.048697,
2022,Bear market,A_immediate,stress30_crisis40,240,-55.223827,-56.250654,-57.94776,234,2.506626,-3.996334,4.07777,1,65.833333,19.75,158,-10.51653,return improved,9.816596,0.584886,1.057699,
2023,Recovery,A_immediate,stress30_crisis40,247,109.602398,114.129251,-18.240579,73,2.366133,-2.762413,5.720382,0,0,0,0,0,return improved,0,0,0,
2024,ETF/Bull,A_immediate,stress30_crisis40,240,94.121329,97.87497,-15.374203,41,2.141767,-3.681167,3.354974,1,0.416667,0.125,1,1.20276,return sacrificed,0,0.000644,0,0
2025,Mixed,A_immediate,stress30_crisis40,252,-11.975027,-12.298607,-27.67166,100,1.782559,-2.795671,2.650082,8,12.698413,3.809524,4,1.880496,return sacrificed,1.857344,0.071692,0,0.987688
2020,Bull market,B_delay_1_valid_mtm_day,stress30_crisis40,254,44.925366,46.486353,-52.748295,212,2.873376,-2.789744,7.009548,1,12.598425,3.779528,32,8.438215,return sacrificed,2.301433,0.171409,0.044925,0.272739
2021,Bull market,B_delay_1_valid_mtm_day,stress30_crisis40,247,-21.562177,-22.11028,-49.055121,194,3.697362,-6.544129,5.674854,7,29.959514,9.676113,10.571429,-0.130074,return improved,4.731676,0.561003,1.79904,
2022,Bear market,B_delay_1_valid_mtm_day,stress30_crisis40,240,-55.811202,-56.841017,-58.513468,234,2.513749,-4.165529,4.078009,2,65.833333,19.75,79,-9.929155,return improved,9.250888,0.577763,0.888504,
2023,Recovery,B_delay_1_valid_mtm_day,stress30_crisis40,247,108.902444,113.393569,-18.240579,73,2.365767,-2.762413,5.718255,1,0.404858,0.121457,1,0.699954,return sacrificed,0,0.000366,0,0
2024,ETF/Bull,B_delay_1_valid_mtm_day,stress30_crisis40,240,95.522036,99.344141,-15.374203,41,2.142336,-3.681167,3.355018,1,0.416667,0.125,1,-0.197947,return improved,0,0.000076,0,
2025,Mixed,B_delay_1_valid_mtm_day,stress30_crisis40,252,-10.251483,-10.531321,-27.426744,100,1.792666,-2.795671,2.650072,8,12.301587,3.690476,3.875,0.156952,return sacrificed,2.10226,0.061585,0,13.394296
2020,Bull market,C_delay_2_valid_mtm_days,stress30_crisis40,254,41.403373,42.824933,-53.540862,212,2.877384,-2.789744,7.009548,1,12.598425,3.779528,32,11.960209,return sacrificed,1.508865,0.167401,0.044925,0.126157
2021,Bull market,C_delay_2_valid_mtm_days,stress30_crisis40,247,-26.239327,-26.884653,-50.240203,194,3.705788,-6.798139,5.876263,6,29.554656,9.595142,12.166667,4.547077,return sacrificed,3.546594,0.552577,1.54503,0.779972
2022,Bear market,C_delay_2_valid_mtm_days,stress30_crisis40,240,-56.233819,-57.265644,-58.971289,234,2.518708,-4.165529,4.077999,2,65.833333,19.75,79,-9.506538,return improved,8.793067,0.572804,0.888504,
2023,Recovery,C_delay_2_valid_mtm_days,stress30_crisis40,247,108.826706,113.313969,-18.240579,73,2.365778,-2.762413,5.718252,1,0.809717,0.242915,2,0.775692,return sacrificed,0,0.000355,0,0
2024,ETF/Bull,C_delay_2_valid_mtm_days,stress30_crisis40,240,95.073744,98.873904,-15.374203,41,2.142396,-3.681167,3.355014,1,0.416667,0.125,1,0.250345,return sacrificed,0,0.000016,0,0
2025,Mixed,C_delay_2_valid_mtm_days,stress30_crisis40,252,-11.322068,-11.629192,-27.628192,100,1.78713,-2.795671,2.653507,7,11.904762,3.571429,4.285714,1.227536,return sacrificed,1.900812,0.067121,0,1.548477
2020,Bull market,D_confirmation,stress30_crisis40,254,46.356559,47.974941,-52.748295,197,2.875722,-2.789744,7.009548,1,12.204724,3.661417,31,7.007022,return sacrificed,2.301433,0.169063,0.044925,0.328447
2021,Bull market,D_confirmation,stress30_crisis40,247,-20.681386,-21.210245,-48.522703,194,3.711442,-6.294472,5.596877,5,27.530364,8.947368,13.6,-1.010864,return improved,5.264095,0.546923,2.048697,
2022,Bear market,D_confirmation,stress30_crisis40,240,-55.826179,-56.856067,-58.513468,234,2.513706,-4.165529,4.07777,1,65.416667,19.625,157,-9.914178,return improved,9.250888,0.577807,0.888504,
2023,Recovery,D_confirmation,stress30_crisis40,247,109.602398,114.129251,-18.240579,73,2.366133,-2.762413,5.720382,0,0,0,0,0,return improved,0,0,0,
2024,ETF/Bull,D_confirmation,stress30_crisis40,240,95.324089,99.1365,-15.374203,41,2.142412,-3.681167,3.355019,0,0,0,0,0,return improved,0,0,0,
2025,Mixed,D_confirmation,stress30_crisis40,252,-10.657574,-10.947807,-27.426744,100,1.800892,-2.795671,2.650076,4,9.52381,2.857143,6,0.563043,return sacrificed,2.10226,0.053359,0,3.733749
2020,Bull market,E_gradual_deescalation,stress30_crisis40,254,49.209144,50.943174,-51.827328,196,2.852638,-2.789744,6.867883,1,12.598425,3.779528,32,4.154437,return sacrificed,3.222399,0.192148,0.044925,0.775652
2021,Bull market,E_gradual_deescalation,stress30_crisis40,247,-19.824221,-20.334075,-48.570244,194,3.70737,-6.294472,5.596739,7,30.364372,9.797571,10.714286,-1.868029,return improved,5.216553,0.550995,2.048697,
2022,Bear market,E_gradual_deescalation,stress30_crisis40,240,-55.223827,-56.250654,-57.94776,234,2.506626,-3.996334,4.07777,1,65.833333,19.75,158,-10.51653,return improved,9.816596,0.584886,1.057699,
2023,Recovery,E_gradual_deescalation,stress30_crisis40,247,109.602398,114.129251,-18.240579,73,2.366133,-2.762413,5.720382,0,0,0,0,0,return improved,0,0,0,
2024,ETF/Bull,E_gradual_deescalation,stress30_crisis40,240,94.121329,97.87497,-15.374203,41,2.141767,-3.681167,3.354974,1,0.416667,0.125,1,1.20276,return sacrificed,0,0.000644,0,0
2025,Mixed,E_gradual_deescalation,stress30_crisis40,252,-11.975027,-12.298607,-27.67166,100,1.782559,-2.795671,2.650082,8,12.698413,3.809524,4,1.880496,return sacrificed,1.857344,0.071692,0,0.987688
2020,Bull market,F_delay_confirmation,stress30_crisis40,254,42.494489,43.958965,-53.540862,212,2.877621,-2.789744,7.009548,1,12.204724,3.661417,31,10.869092,return sacrificed,1.508865,0.167164,0.044925,0.138822
2021,Bull market,F_delay_confirmation,stress30_crisis40,247,-24.236722,-24.841459,-50.179468,194,3.718006,-6.798139,5.77207,4,27.125506,8.825911,16.75,2.544472,return sacrificed,3.60733,0.540359,1.54503,1.417713
2022,Bear market,F_delay_confirmation,stress30_crisis40,240,-56.298843,-57.330967,-58.971289,234,2.518648,-4.165529,4.078009,2,65.416667,19.625,78.5,-9.441514,return improved,8.793067,0.572864,0.888504,
2023,Recovery,F_delay_confirmation,stress30_crisis40,247,108.902444,113.393569,-18.240579,73,2.365767,-2.762413,5.718255,1,0.404858,0.121457,1,0.699954,return sacrificed,0,0.000366,0,0
2024,ETF/Bull,F_delay_confirmation,stress30_crisis40,240,95.324089,99.1365,-15.374203,41,2.142412,-3.681167,3.355019,0,0,0,0,0,return improved,0,0,0,
2025,Mixed,F_delay_confirmation,stress30_crisis40,252,-11.139405,-11.441901,-27.689906,100,1.800542,-2.795671,2.653514,4,9.126984,2.738095,5.75,1.044874,return sacrificed,1.839098,0.053709,0,1.760115
2020,Bull market,G_delay_confirmation_gradual_exit,stress30_crisis40,254,42.494489,43.958965,-53.540862,212,2.877621,-2.789744,7.009548,1,12.204724,3.661417,31,10.869092,return sacrificed,1.508865,0.167164,0.044925,0.138822
2021,Bull market,G_delay_confirmation_gradual_exit,stress30_crisis40,247,-24.236722,-24.841459,-50.179468,194,3.718006,-6.798139,5.77207,4,27.125506,8.825911,16.75,2.544472,return sacrificed,3.60733,0.540359,1.54503,1.417713
2022,Bear market,G_delay_confirmation_gradual_exit,stress30_crisis40,240,-56.298843,-57.330967,-58.971289,234,2.518648,-4.165529,4.078009,2,65.416667,19.625,78.5,-9.441514,return improved,8.793067,0.572864,0.888504,
2023,Recovery,G_delay_confirmation_gradual_exit,stress30_crisis40,247,108.902444,113.393569,-18.240579,73,2.365767,-2.762413,5.718255,1,0.404858,0.121457,1,0.699954,return sacrificed,0,0.000366,0,0
2024,ETF/Bull,G_delay_confirmation_gradual_exit,stress30_crisis40,240,95.324089,99.1365,-15.374203,41,2.142412,-3.681167,3.355019,0,0,0,0,0,return improved,0,0,0,
2025,Mixed,G_delay_confirmation_gradual_exit,stress30_crisis40,252,-11.139405,-11.441901,-27.689906,100,1.800542,-2.795671,2.653514,4,9.126984,2.738095,5.75,1.044874,return sacrificed,1.839098,0.053709,0,1.760115
2020,Bull market,A_immediate,stress25_crisis50,254,49.961495,51.7263,-52.374114,196,2.879279,-2.789744,6.889845,1,12.598425,3.149606,32,3.402087,return sacrificed,2.675613,0.165507,0.044925,0.786462
2021,Bull market,A_immediate,stress25_crisis50,247,-21.409027,-21.953805,-50.203053,194,3.736343,-6.500101,5.803114,7,30.364372,9.311741,10.714286,-0.283223,return improved,3.583744,0.522021,1.843068,
2022,Bear market,A_immediate,stress25_crisis50,240,-57.124514,-58.160187,-59.721689,234,2.594456,-4.181284,4.07777,1,65.833333,16.458333,158,-8.615843,return improved,8.042667,0.497056,0.872749,
2023,Recovery,A_immediate,stress25_crisis50,247,109.602398,114.129251,-18.240579,73,2.366133,-2.762413,5.720382,0,0,0,0,0,return improved,0,0,0,
2024,ETF/Bull,A_immediate,stress25_crisis50,240,94.321789,98.08521,-15.374203,41,2.141822,-3.681167,3.354979,1,0.416667,0.104167,1,1.0023,return sacrificed,0,0.000589,0,0
2025,Mixed,A_immediate,stress25_crisis50,252,-11.656079,-11.971638,-27.750243,100,1.792705,-2.795671,2.701889,8,12.698413,3.174603,4,1.561547,return sacrificed,1.778761,0.061546,0,1.139102
2020,Bull market,B_delay_1_valid_mtm_day,stress25_crisis50,254,46.362211,47.980821,-53.135301,197,2.896618,-2.789744,7.009548,1,12.598425,3.149606,32,7.00137,return sacrificed,1.914427,0.148167,0.044925,0.273436
2021,Bull market,B_delay_1_valid_mtm_day,stress25_crisis50,247,-21.236636,-21.777661,-49.795494,194,3.725659,-6.134754,5.845684,7,29.959514,9.210526,10.571429,-0.455614,return improved,3.991304,0.532705,2.208415,
2022,Bear market,B_delay_1_valid_mtm_day,stress25_crisis50,240,-57.594269,-58.631755,-60.174241,234,2.600358,-4.191535,4.077968,2,65.833333,16.458333,79,-8.146088,return improved,7.590115,0.491154,0.862498,
2023,Recovery,B_delay_1_valid_mtm_day,stress25_crisis50,247,109.019103,113.516178,-18.240579,73,2.365814,-2.762413,5.718557,1,0.404858,0.101215,1,0.583295,return sacrificed,0,0.000318,0,0
2024,ETF/Bull,B_delay_1_valid_mtm_day,stress25_crisis50,240,95.489045,99.309534,-15.374203,41,2.142347,-3.681167,3.355018,1,0.416667,0.104167,1,-0.164956,return improved,0,0.000065,0,
2025,Mixed,B_delay_1_valid_mtm_day,stress25_crisis50,252,-10.217897,-10.496873,-27.778929,100,1.801339,-2.795671,2.701884,8,12.301587,3.075397,3.875,0.123366,return sacrificed,1.750074,0.052912,0,14.186037
2020,Bull market,C_delay_2_valid_mtm_days,stress25_crisis50,254,43.389809,44.889687,-53.7922,212,2.900152,-2.789744,7.009548,1,12.598425,3.149606,32,9.973773,return sacrificed,1.257527,0.144633,0.044925,0.126083
2021,Bull market,C_delay_2_valid_mtm_days,stress25_crisis50,247,-25.803512,-26.440139,-50.772635,194,3.724403,-6.805287,6.167905,6,29.554656,9.210526,12.166667,4.111261,return sacrificed,3.014162,0.533962,1.537882,0.733148
2022,Bear market,C_delay_2_valid_mtm_days,stress25_crisis50,240,-57.932862,-58.971562,-60.541161,234,2.604462,-4.191535,4.077958,2,65.833333,16.458333,79,-7.807496,return improved,7.223196,0.48705,0.862498,
2023,Recovery,C_delay_2_valid_mtm_days,stress25_crisis50,247,108.955953,113.449806,-18.240579,73,2.365823,-2.762413,5.718555,1,0.809717,0.202429,2,0.646445,return sacrificed,0,0.00031,0,0
2024,ETF/Bull,C_delay_2_valid_mtm_days,stress25_crisis50,240,95.115468,98.917669,-15.374203,41,2.142396,-3.681167,3.355015,1,0.416667,0.104167,1,0.208621,return sacrificed,0,0.000015,0,0
2025,Mixed,C_delay_2_valid_mtm_days,stress25_crisis50,252,-11.11068,-11.412447,-27.946066,100,1.796583,-2.795671,2.704789,7,11.904762,2.97619,4.285714,1.016148,return sacrificed,1.582938,0.057668,0,1.557783
2020,Bull market,D_confirmation,stress25_crisis50,254,47.564717,49.231878,-53.135301,196,2.898648,-2.789744,7.009548,1,12.204724,3.051181,31,5.798864,return sacrificed,1.914427,0.146137,0.044925,0.330138
2021,Bull market,D_confirmation,stress25_crisis50,247,-22.110588,-22.670526,-50.164716,194,3.739807,-6.500101,5.803274,5,27.530364,8.603239,13.6,0.418337,return sacrificed,3.622081,0.518558,1.843068,8.658287
2022,Bear market,D_confirmation,stress25_crisis50,240,-57.606247,-58.643778,-60.174241,234,2.600322,-4.191535,4.07777,1,65.416667,16.354167,157,-8.13411,return improved,7.590115,0.49119,0.862498,
2023,Recovery,D_confirmation,stress25_crisis50,247,109.602398,114.129251,-18.240579,73,2.366133,-2.762413,5.720382,0,0,0,0,0,return improved,0,0,0,
2024,ETF/Bull,D_confirmation,stress25_crisis50,240,95.324089,99.1365,-15.374203,41,2.142412,-3.681167,3.355019,0,0,0,0,0,return improved,0,0,0,
2025,Mixed,D_confirmation,stress25_crisis50,252,-10.557449,-10.845124,-27.778929,100,1.808378,-2.795671,2.701887,4,9.52381,2.380952,6,0.462917,return sacrificed,1.750074,0.045873,0,3.780533
2020,Bull market,E_gradual_deescalation,stress25_crisis50,254,49.961495,51.7263,-52.374114,196,2.879279,-2.789744,6.889845,1,12.598425,3.149606,32,3.402087,return sacrificed,2.675613,0.165507,0.044925,0.786462
2021,Bull market,E_gradual_deescalation,stress25_crisis50,247,-21.409027,-21.953805,-50.203053,194,3.736343,-6.500101,5.803114,7,30.364372,9.311741,10.714286,-0.283223,return improved,3.583744,0.522021,1.843068,
2022,Bear market,E_gradual_deescalation,stress25_crisis50,240,-57.124514,-58.160187,-59.721689,234,2.594456,-4.181284,4.07777,1,65.833333,16.458333,158,-8.615843,return improved,8.042667,0.497056,0.872749,
2023,Recovery,E_gradual_deescalation,stress25_crisis50,247,109.602398,114.129251,-18.240579,73,2.366133,-2.762413,5.720382,0,0,0,0,0,return improved,0,0,0,
2024,ETF/Bull,E_gradual_deescalation,stress25_crisis50,240,94.321789,98.08521,-15.374203,41,2.141822,-3.681167,3.354979,1,0.416667,0.104167,1,1.0023,return sacrificed,0,0.000589,0,0
2025,Mixed,E_gradual_deescalation,stress25_crisis50,252,-11.656079,-11.971638,-27.750243,100,1.792705,-2.795671,2.701889,8,12.698413,3.174603,4,1.561547,return sacrificed,1.778761,0.061546,0,1.139102
2020,Bull market,F_delay_confirmation,stress25_crisis50,254,44.310661,45.847127,-53.7922,212,2.9004,-2.789744,7.009548,1,12.204724,3.051181,31,9.05292,return sacrificed,1.257527,0.144386,0.044925,0.138908
2021,Bull market,F_delay_confirmation,stress25_crisis50,247,-23.484822,-24.073915,-50.722574,194,3.743221,-6.805287,5.926853,4,27.125506,8.502024,16.75,1.792572,return sacrificed,3.064224,0.515143,1.537882,1.709401
2022,Bear market,F_delay_confirmation,stress25_crisis50,240,-57.984958,-59.023838,-60.541161,234,2.604413,-4.191535,4.077968,2,65.416667,16.354167,78.5,-7.755399,return improved,7.223196,0.487099,0.862498,
2023,Recovery,F_delay_confirmation,stress25_crisis50,247,109.019103,113.516178,-18.240579,73,2.365814,-2.762413,5.718557,1,0.404858,0.101215,1,0.583295,return sacrificed,0,0.000318,0,0
2024,ETF/Bull,F_delay_confirmation,stress25_crisis50,240,95.324089,99.1365,-15.374203,41,2.142412,-3.681167,3.355019,0,0,0,0,0,return improved,0,0,0,
2025,Mixed,F_delay_confirmation,stress25_crisis50,252,-10.959892,-11.257828,-27.946066,100,1.808158,-2.795671,2.704795,4,9.126984,2.281746,5.75,0.865361,return sacrificed,1.582938,0.046093,0,1.829224
2020,Bull market,G_delay_confirmation_gradual_exit,stress25_crisis50,254,44.310661,45.847127,-53.7922,212,2.9004,-2.789744,7.009548,1,12.204724,3.051181,31,9.05292,return sacrificed,1.257527,0.144386,0.044925,0.138908
2021,Bull market,G_delay_confirmation_gradual_exit,stress25_crisis50,247,-23.484822,-24.073915,-50.722574,194,3.743221,-6.805287,5.926853,4,27.125506,8.502024,16.75,1.792572,return sacrificed,3.064224,0.515143,1.537882,1.709401
2022,Bear market,G_delay_confirmation_gradual_exit,stress25_crisis50,240,-57.984958,-59.023838,-60.541161,234,2.604413,-4.191535,4.077968,2,65.416667,16.354167,78.5,-7.755399,return improved,7.223196,0.487099,0.862498,
2023,Recovery,G_delay_confirmation_gradual_exit,stress25_crisis50,247,109.019103,113.516178,-18.240579,73,2.365814,-2.762413,5.718557,1,0.404858,0.101215,1,0.583295,return sacrificed,0,0.000318,0,0
2024,ETF/Bull,G_delay_confirmation_gradual_exit,stress25_crisis50,240,95.324089,99.1365,-15.374203,41,2.142412,-3.681167,3.355019,0,0,0,0,0,return improved,0,0,0,
2025,Mixed,G_delay_confirmation_gradual_exit,stress25_crisis50,252,-10.959892,-11.257828,-27.946066,100,1.808158,-2.795671,2.704795,4,9.126984,2.281746,5.75,0.865361,return sacrificed,1.582938,0.046093,0,1.829224
